index,sequence,freq selected/freq na•ve,enrichment ratio (log2 of column C),read count in na•ve library,,,ER>=4 means hit
5000,QTLLSDEDAELVEIVKERFEEEPVYVEISLEELEKD,25.48224449,4.671420451,194,,,
5001,QTLLSDEDAELVEIVKERLKEGAEENCITISVEELE,272.3906631,8.089533442,224,,,
5002,QTLLSDEDAELVEIVKERLEEGAEENCVTVSVEDLE,241.4162674,7.915379083,296,,,
5003,QTLLSDEDAELVEIVKERLSTATVGLRLTAGELLGL,145.7663146,7.187513553,252,,,
5004,QTLLSDEDAELVEIVKERLKEEPTYITLSLEELERD,340.9000767,8.413205114,280,,,
5005,QTLLSDEDAELVEIVKERLKEEPKYTEITLEELERG,199.8997637,7.643132957,220,,,
5006,QTLLSDEDAELVEIVKERFKEEPKYVEISLEELERD,30.36870752,4.924513604,171,,,
5007,QTLLSDEDAELVEIVKERFEEEPEYVTIDVEELE,0.060126858,-4.055846631,250,,,
5008,QTLLSDEDAELVEIVKERLENFKGAVRVDDVLKD,74.21577301,6.213653929,124,,,
5009,QTLLSDEDAELVEIVKERKDKGKYVRYETKEDVLRL,0.037916366,-4.721035502,245,,,
5010,QTLLSDEDAELVEIVKERFKEKPKYKTVRLEDLE,335.0873153,8.388393264,103,,,
5011,QTLLSDEDAELVEIVKERLEEEPVYININDRLDEA,0.384672261,-1.378298295,130,,,
5012,QTLLSDEDAELVEIVKERKNKGKYVRFEGVEEVERK,0.022239029,-5.490762391,214,,,
5013,QTLLSDEDAELVEIVKERLSTATIGARLSREDLLGL,0.656321247,-0.607525958,123,,,
5014,QTLLSDEDAELVEIVKERKNKGKYVKYETKEDVLSL,0.00844908,-6.886990041,113,,,
5015,QTLLSDEDAELVEIVKERLKNIKGIISLGPEAFELL,33.44041664,5.063520917,68,,,
5016,QTLLSDEDAELVEIVKERLSHATVGLRLSREDLLGL,323.7217876,8.338610657,191,,,
5017,QTLLSDEDAELVEIVKERLSHATIGLRLEAGELLGL,16.98427217,4.08612749,74,,,
5018,QTLLSDEDAELVEIVKERLEKATVGLRLEAGELLGL,64.68454912,6.015349239,178,,,
5019,QTLLSDEDAELVEIVKERLSHATIGYRGDLSDL,1.784229539,0.835301228,155,,,
5020,QTLLSDEDAELVEIVKERLGGKVGYSGNLEDFLKW,1.459325083,0.545301297,522,,,
5021,QTLLSDEDAELVEIVKERLKESKNNIITIPVEELE,376.2817347,8.55566945,236,,,
5022,QTLLSDEDAELVEIVKERLSKATVGARLSKEDLLGL,0.124245944,-3.008729344,85,,,
5023,QTLLSDEDAELVEIVKERKNKGKYVRLEGKEAALEL,0,#NUM!,209,,,
5024,QTLLSDEDAELVEIVKERLGGKVGYSGTIEDAKKI,0.004470971,-7.80519595,206,,,
5025,QTLLSDEDAELVEIVKERKDKGKYITYPAGEAEKLM,0.004566099,-7.774822301,289,,,
5026,QTLLSDEDAELVEIVKERLKGGKLIKGATAEEI,0.02957178,-5.079635119,286,,,
5027,QTLLSDEDAELVEIVKERLEESKDNTIRGEGILEEL,0.002947893,-8.406099994,255,,,
5028,QTLLSDEDAELVEIVKERLKEKHHKYIRYTGIEELM,32.59754741,5.026691517,126,,,
5029,QTLLSDEDAELVEIVKERKNKGKYVTGDLSTLEDA,0,#NUM!,135,,,
5030,QTLLSDEDAELVEIVKERLGGEVGFSGNLEEFLKW,0,#NUM!,148,,,
5031,QTLLSDEDAELVEIVKERFKEEPKYKTISLDTLGLE,0,#NUM!,219,,,
5032,QTLLSDEDAELVEIVKERLKNRTEIRVSLGEDLGLE,3.908906472,1.966765066,84,,,
5033,QTLLSDEDAELVEIVKERKNKGKYVRYDNPEEAASL,0.038322612,-4.705660276,37,,,
5034,QTLLSDEDAELVEIVKERRDKGKYVRIEPPLEIIEA,0,#NUM!,88,,,
5035,QTLLSDEDAELVEIVKERLKEFKGVVRVDNAFEEL,34.03047988,5.08875559,169,,,
5036,QTLLSDEDAELVEIVKERLSKATIGYSGTLEEALKW,0.193921653,-2.36645419,162,,,
5037,QTLLSDEDAELVEIVKERLKEVKYIRLPPGYLTKL,61.71076093,5.947450179,351,,,
5038,QTLLSDEDAELVEIVKERLKNIKGIISGEKLLEEI,99.6346147,6.63857514,336,,,
5039,QTLLSDEDAELVEIVKERKNKGKYVTFSKNSLLKL,0.005351786,-7.54576378,395,,,
5040,QTLLSDEDAELVEIVKERLGGKTGFSVERVTVEDL,0,#NUM!,322,,,
5041,QTLLSDEDAELVEIVKERLKEEPKYITLDEEAFELV,3.306531778,1.725318767,248,,,
5042,QTLLSDEDAELVEIVKERFKEKPTYVTLDLSEVE,94.52136504,6.562568559,298,,,
5043,QTLLSDEDAELVEIVKERLSKATIGLRLSAADLLGL,244.8009677,7.935465451,81,,,
5044,QTLLSDEDAELVEIVKERLSTATVGARLSAADLLGL,255.5783604,7.997621879,151,,,
5045,QTLLSDEDAELVEIVKERLKDVKGVVTVPLSLLEK,210.3936692,7.716947484,423,,,
5046,QTLLSDEDAELVEIVKERFKEEPVYTEISLEELEED,0.50245203,-0.992942228,93,,,
5047,QTLLSDEDAELVEIVKERLGGEVGYSVERVTVEEL,,#NUM!,150,,,
5048,QTLLSDEDAELVEIVKERLKEVKWIRIPAGVLKRT,0.066356499,-3.91361841,619,,,
5049,QTLLSDEDAELVEIVKERLEKGAKNNAITGSLEEF,0,#NUM!,80,,,
5050,QTLLSDEDAELVEIVKERFKEEPVYVTAKDVLKD,0,#NUM!,151,,,
5051,QTLLSDEDAELVEIVKERLGGKVGWSGNLEELLKW,0.102737216,-3.282969204,102,,,
5052,QTLLSDEDAELVEIVKERKNKGKYVRYEYPVDLLSV,0.008296648,-6.913255695,403,,,
5053,QTLLSDEDAELVEIVKERLKGGKWIYGNIIELV,0.0148209,-6.076223146,692,,,
5054,QTLLSDEDAELVEIVKERFKEEPKPKLITNVDIEKV,17.99476591,4.16950543,319,,,
5055,QTLLSDEDAELVEIVKERLANPKGGLITGREAFED,9.027785562,3.17437215,76,,,
5056,QTLLSDEDAELVEIVKERLKEKPTYTTLRLEDVE,0.98305832,-0.024651088,312,,,
5057,QTLLSDEDAELVEIVKERLKGGKKIIGVNLEEV,52.57611135,5.716335536,304,,,
5058,QTLLSDEDAELVEIVKERFKEEPKPKTVTNADLFKV,0.079812383,-3.64724359,362,,,
5059,QTLLSDEDAELVEIVKERLKEEPEYVTLDLSVLEED,369.9994874,8.531379462,84,,,
5060,QTLLSDEDAELVEIVKERFKEEPVYVNVKDELFKL,0.010816866,-6.53057357,462,,,
5061,QTLLSDEDAELVEIVKERKNKGKYVTLEGPEAALEL,0.008318086,-6.909532609,138,,,
5062,QTLLSDEDAELVEIVKERKNKGKYTRYEAPVNLLEV,0,#NUM!,318,,,
5063,QTLLSDEDAELVEIVKERKDKGKYVTIEDPEEAGLF,0.002838712,-8.460547778,389,,,
5064,QTLLSDEDAELVEIVKERLGGKVGYSGSLEDVE,0.004326747,-7.852501664,245,,,
5065,QTLLSDEDAELVEIVKERAKNQKKWIPFGDAKELR,0.020438727,-5.612550872,86,,,
5066,QTLLSDEDAELVEIVKERSGSFVTAPAEEGLKLF,0.059612953,-4.068230355,566,,,
5067,QTLLSDEDAELVEIVKERLGGKVGVRATLEEVLKW,0.004470971,-7.80519595,222,,,
5068,QTLLSDEDAELVEIVKERLKEEPKYIEVSEEEIKLG,48.39083854,5.596662034,301,,,
5069,QTLLSDEDAELVEIVKERLGGKTGVRLSREDPILEV,0.160800357,-2.636657488,299,,,
5070,QTLLSDEDAELVEIVKERLGKPEGGYVEGLEALEKD,40.8255581,5.351400703,123,,,
5071,QTLLSDEDAELVEIVKERLSHATVGFRADLSAL,0.143360704,-2.802278466,237,,,
5072,QTLLSDEDAELVEIVKERLKGGKMIFGNLLEELEKD,0.031559799,-4.985768195,149,,,
5073,QTLLSDEDAELVEIVKERLKTATIGATISAKELV,0.005863569,-7.414005192,415,,,
5074,QTLLSDEDAELVEIVKERLEGFEGAIQYDVEELE,15.69675006,3.972393981,265,,,
5075,QTLLSDEDAELVEIVKERLKGGKKIYDVSLEEL,168.6259776,7.397682997,244,,,
5076,QTLLSDEDAELVEIVKERLSKATIGLRIPPDLALDL,0.278193779,-1.845837934,84,,,
5077,QTLLSDEDAELVEIVKERLKEYKNNTITIEGDFKEY,126.694868,6.985214276,480,,,
5078,QTLLSDEDAELVEIVKERLSKATIGYRANLEDL,0,#NUM!,166,,,
5079,QTLLSDEDAELVEIVKERLEKFEGVVEVKDQLLED,0,#NUM!,95,,,
5080,QTLLSDEDAELVEIVKERLGGKVGYRVESPEVLKEF,0,#NUM!,59,,,
5081,QTLLSDEDAELVEIVKERLKGGEKIIGVDLEKV,102.211831,6.675418388,428,,,
5082,QTLLSDEDAELVEIVKERFEEEPTYTTLSLEELLSD,0.008868043,-6.817168591,216,,,
5083,QTLLSDEDAELVEIVKERFKEEPKYVEVNDLLEEG,0.741741494,-0.431011618,341,,,
5084,QTLLSDEDAELVEIVKERLSTATVGARYTPEYLEKE,0.003649773,-8.097977699,272,,,
5085,QTLLSDEDAELVEIVKERLKHATIGYSGPPEEVLKW,0.029000896,-5.10775872,195,,,
5086,QTLLSDEDAELVEIVKERLKEFKGVVKVDDELFEKM,67.53360204,6.077533603,252,,,
5087,QTLLSDEDAELVEIVKERKNKGKYVEYTYEDAKKI,0.003417303,-8.192926103,305,,,
5088,QTLLSDEDAELVEIVKERLAKPEGGTVTGEEVLEA,68.37771625,6.095454334,361,,,
5089,QTLLSDEDAELVEIVKERLKEIEKYYDVPLLDR,0.031375238,-4.994229774,508,,,
5090,QTLLSDEDAELVEIVKERKNKEKYVRYSLEGVEEA,0.017706818,-5.819551243,274,,,
5091,QTLLSDEDAELVEIVKERLSHATIGLRFKPEFLEKE,0,#NUM!,87,,,
5092,QTLLSDEDAELVEIVKERFKEKPKPKYIRVKEFKF,0.040812671,-4.614839048,566,,,
5093,QTLLSDEDAELVEIVKERLAEKEHKYIRYKKVLEEE,0,#NUM!,122,,,
5094,QTLLSDEDAELVEIVKERLENATIGLTGEEALEKL,0,#NUM!,80,,,
5095,QTLLSDEDAELVEIVKERLGGEVGYRVDSPEVLLEF,0,#NUM!,107,,,
5096,QTLLSDEDAELVEIVKERLAEKEHKYIRYEGYVPET,0.004888534,-7.676382484,399,,,
5097,QTLLSDEDAELVEIVKERLGGKVGLRIEDPSILLEF,0.011100343,-6.493251943,283,,,
5098,QTLLSDEDAELVEIVKERRNKGKYLTFPAEEALKLL,0.010676947,-6.549357045,241,,,
5099,QTLLSDEDAELVEIVKERLSKATIGYRADLSAL,0.005852908,-7.416630662,565,,,
5100,QTLLSDEDAELVEIVKEREGEFIEGGLELLEEL,0,#NUM!,289,,,
5101,QTLLSDEDAELVEIVKERLSHATIGGTTLEDLERV,0,#NUM!,187,,,
5102,QTLLSDEDAELVEIVKERLKGGKWIISENALEEL,0,#NUM!,127,,,
5103,QTLLSDEDAELVEIVKERFEEEPKPKTYTGSLEELF,0,#NUM!,49,,,
5104,QTLLSDEDAELVEIVKERKDKGKYVTGTSPEFLDLE,0.031427749,-4.99181724,214,,,
5105,QTLLSDEDAELVEIVKERKDKGRYVTGPGEEALKLL,0.004899695,-7.673092414,193,,,
5106,QTLLSDEDAELVEIVKERFKEEPKPKYITTDKLLED,0.133204115,-2.908289443,120,,,
5107,QTLLSDEDAELVEIVKERLGNPKGGVVTNPEEVLRA,0.27416706,-1.866872846,188,,,
5108,QTLLSDEDAELVEIVKERFKEEPKYVNIGEEWEKS,0.00336374,-8.215717968,588,,,
5109,QTLLSDEDAELVEIVKERLKGGKWIYNAEKYVEEL,3.59601932,1.846400772,297,,,
5110,QTLLSDEDAELVEIVKERRNKGKYVTCETLDECVEW,0.749098614,-0.416772443,332,,,
5111,QTLLSDEDAELVEIVKERKNKGKYVRFDAAGAASA,5.786513841,2.53269444,202,,,
5112,QTLLSDEDAELVEIVKERLKEIKKYVPGINKFE,0.003930524,-7.991062495,273,,,
5113,QTLLSDEDAELVEIVKERLKGGKWIIGKAFEEV,0.077483794,-3.68996159,446,,,
5114,QTLLSDEDAELVEIVKERLSTATIGTTNNLEEAF,0,#NUM!,219,,,
5115,QTLLSDEDAELVEIVKERKNKGKYVTGGLELLEEH,0,#NUM!,203,,,
5116,QTLLSDEDAELVEIVKERANKGKYVRYENGAKKGL,0.01292811,-6.273344785,286,,,
5117,QTLLSDEDAELVEIVKERKNKGKYVVGNPEEFFRES,0.004111238,-7.926211351,348,,,
5118,QTLLSDEDAELVEIVKERIDKYTPEEAVNPEALEL,0.014648917,-6.093062208,311,,,
5119,QTLLSDEDAELVEIVKERLAEEHHHYVRFKDVLELE,230.7332295,7.850081981,65,,,
5120,QTLLSDEDAELVEIVKERLAEEHHKYVRYKGLAKKW,0.083122286,-3.588620855,272,,,
5121,QTLLSDEDAELVEIVKERKNKGKYVRSKDLELAELM,0.009197427,-6.764553965,275,,,
5122,QTLLSDEDAELVEIVKERKNKGKYTGSTDLSFLDEE,0,#NUM!,100,,,
5123,QTLLSDEDAELVEIVKERFKEEPTYTTTTEEVFELV,0.026825829,-5.220233449,330,,,
5124,QTLLSDEDAELVEIVKERKNKDKYVTVPAKEFV,0.00275844,-8.501931699,394,,,
5125,QTLLSDEDAELVEIVKERLGGKVGYRVDSPEVLEKF,0,#NUM!,120,,,
5126,QTLLSDEDAELVEIVKERLKGGKWIIGTKEAAEEY,0.034935963,-4.839143282,251,,,
5127,QTLLSDEDAELVEIVKERLSHATIGLKGGKELAEEL,0.049221704,-4.344561584,136,,,
5128,QTLLSDEDAELVEIVKERLKEKHHKYVRYEGLAKEW,0,#NUM!,212,,,
5129,QTLLSDEDAELVEIVKERLGGKVGLRGPPEEVLKLL,0.330164046,-1.598745072,98,,,
5130,QTLLSDEDAELVEIVKERLGGKTGYTGSIEEAEKI,0.753313068,-0.408678538,233,,,
5131,QTLLSDEDAELVEIVKERLGGKTGGNYNLEELEKG,0,#NUM!,74,,,
5132,QTLLSDEDAELVEIVKERLKHATIGATGPQALEDL,0,#NUM!,82,,,
5133,QTLLSDEDAELVEIVKERKNKGKYITAEDVAETG,0,#NUM!,209,,,
5134,QTLLSDEDAELVEIVKERKNKEKYVTYTYEDALKI,0,#NUM!,286,,,
5135,QTLLSDEDAELVEIVKERLKGGKWIIDEKALELV,0.00736636,-7.084832323,429,,,
5136,QTLLSDEDAELVEIVKERFKEKPKPKYVTNADLFSV,0,#NUM!,199,,,
5137,QTLLSDEDAELVEIVKERLSKATIGLRYTPEYLEKE,0.00592836,-7.398151241,139,,,
5138,QTLLSDEDAELVEIVKERLKGGKMIEGVTAREI,0.009197427,-6.764553965,324,,,
5139,QTLLSDEDAELVEIVKERLEESKNNRIDANIEEVE,0,#NUM!,208,,,
5140,QTLLSDEDAELVEIVKEREGEYITGPNLLEEL,0.017648572,-5.824304773,270,,,
5141,QTLLSDEDAELVEIVKERLGGEVGYRSSGPEECKSL,17.58544136,4.136309639,211,,,
5142,QTLLSDEDAELVEIVKERLANPKGGLDTSPEILEF,0.385621288,-1.374743398,228,,,
5143,QTLLSDEDAELVEIVKERLSKATVGLRVPPGLALDL,0.016593296,-5.913255695,225,,,
5144,QTLLSDEDAELVEIVKERLSHATIGYRGTPEDIPSH,0,#NUM!,78,,,
5145,QTLLSDEDAELVEIVKERLSKATIGYRSEKEIVSI,0.011354848,-6.460547778,174,,,
5146,QTLLSDEDAELVEIVKERLSHATIGLRVGEDELKLT,0,#NUM!,212,,,
5147,QTLLSDEDAELVEIVKERRDKGKYVTSNDPAFLDLE,0,#NUM!,248,,,
5148,QTLLSDEDAELVEIVKERRNKGKYVTHDLSNLLELI,0,#NUM!,532,,,
5149,QTLLSDEDAELVEIVKERLKGGKFIIGGLDLLEEL,47.56103239,5.571708126,129,,,
5150,QTLLSDEDAELVEIVKERLEGGEKVFDVSLEEL,36.01420314,5.170494078,178,,,
5151,QTLLSDEDAELVEIVKERLEGGEWIEGVTAKEI,0,#NUM!,329,,,
5152,QTLLSDEDAELVEIVKERLAEKEHKYVRYDGYVPVT,0.003637401,-8.102876498,252,,,
5153,QTLLSDEDAELVEIVKERLGGKVGYRGETPEAALEL,0,#NUM!,332,,,
5154,QTLLSDEDAELVEIVKERFEEEPTYTTLRLEDVE,0.002268569,-8.784001727,430,,,
5155,QTLLSDEDAELVEIVKERKNKGKYVTFSKEELLNL,31.01587113,4.954934741,456,,,
5156,QTLLSDEDAELVEIVKERIEKKERKVIGAEEVLKS,0.128603224,-2.959001286,313,,,
5157,QTLLSDEDAELVEIVKERFKEEPKYIELENGLEAL,0,#NUM!,220,,,
5158,QTLLSDEDAELVEIVKERLGGEVGATGPEALELV,0.011295086,-6.468160962,397,,,
5159,QTLLSDEDAELVEIVKERFKEKPKPKVIRGNAAELY,0.020245908,-5.626225809,557,,,
5160,QTLLSDEDAELVEIVKERLKEIKKYYEIEEVKNT,9.40406252,3.23328413,364,,,
5161,QTLLSDEDAELVEIVKERLSHATIGGSKLEDIEEV,0,#NUM!,75,,,
5162,QTLLSDEDAELVEIVKERLSKATIGLTGEDALEKL,0.008941943,-6.80519595,130,,,
5163,QTLLSDEDAELVEIVKERKNKGKYIRIESGIEDH,0.005285878,-7.563641271,216,,,
5164,QTLLSDEDAELVEIVKERKGKYIEGGLELLEEL,0,#NUM!,150,,,
5165,QTLLSDEDAELVEIVKERYEVPGGAGVTGLEALDR,0.006522998,-7.260249128,287,,,
5166,QTLLSDEDAELVEIVKERLEEGAEENCIEVSVEELE,42.80553103,5.419725318,237,,,
5167,QTLLSDEDAELVEIVKERKNKGKYKIYGPDVDLLEV,0.231234746,-2.112569894,399,,,
5168,QTLLSDEDAELVEIVKERLEGGEWNYTATIETL,0,#NUM!,253,,,
5169,QTLLSDEDAELVEIVKERLKEPRKGVRLEGKIIVT,91.43240602,6.514633679,158,,,
5170,QTLLSDEDAELVEIVKERLGGKVGKTYTAGELSKT,0.011100343,-6.493251943,244,,,
5171,QTLLSDEDAELVEIVKERLEGGEFIISPEAVELL,0,#NUM!,384,,,
5172,QTLLSDEDAELVEIVKERLKEIKESVPGINTFE,0,#NUM!,301,,,
5173,QTLLSDEDAELVEIVKERLSKATIGYRGTTAEDALQ,0,#NUM!,214,,,
5174,QTLLSDEDAELVEIVKERLSTATIGAKDNLEEAF,0.04909302,-4.348338275,168,,,
5175,QTLLSDEDAELVEIVKERYEKEKEKVGVETKEVIEV,0,#NUM!,309,,,
5176,QTLLSDEDAELVEIVKERKFTATKVSLEKLLKGN,0.093430327,-3.419965273,355,,,
5177,QTLLSDEDAELVEIVKERLGGEVGFAGNLEELEKW,0.036770606,-4.765303222,358,,,
5178,QTLLSDEDAELVEIVKERLSKATVGATISAKELV,0.011255592,-6.47321419,619,,,
5179,QTLLSDEDAELVEIVKERFKEEPKYTEISLETLGLE,0,#NUM!,120,,,
5180,QTLLSDEDAELVEIVKERLSKATVGLEGGRELAEEL,0,#NUM!,104,,,
5181,QTLLSDEDAELVEIVKERYEKEKEKIGVRATVEEM,0.01540239,-6.020701985,196,,,
5182,QTLLSDEDAELVEIVKERLAKPKGGYITGTEVLDR,0.334749658,-1.578845515,239,,,
5183,QTLLSDEDAELVEIVKERRNKGKYVTVEGVTLDEL,3.054426044,1.610901309,214,,,
5184,QTLLSDEDAELVEIVKERLKHATIGGKNVSAEEVV,0.016444952,-5.926211351,287,,,
5185,QTLLSDEDAELVEIVKERLKEEPKYKNLGSAEEN,7.076218606,2.822978618,236,,,
5186,QTLLSDEDAELVEIVKERFKEKPKPKTFTGSLEELF,0,#NUM!,63,,,
5187,QTLLSDEDAELVEIVKERLSHATIGLEGGIELAAEL,0,#NUM!,60,,,
5188,QTLLSDEDAELVEIVKERRDKGKYVTHSPGWLEEL,0,#NUM!,104,,,
5189,QTLLSDEDAELVEIVKERLKEGAENNTITFDSVELS,35.09428484,5.133164199,256,,,
5190,QTLLSDEDAELVEIVKERLKESKDNTIRVEGGVPEV,0,#NUM!,389,,,
5191,QTLLSDEDAELVEIVKERLGGKTGVSGNLEDLFKES,0.011688814,-6.418727603,445,,,
5192,QTLLSDEDAELVEIVKERKNKGKYITTSLELLEEV,0.007001848,-7.158048618,504,,,
5193,QTLLSDEDAELVEIVKERLENEDEQRYVTGDALELL,0.023440045,-5.41488088,438,,,
5194,QTLLSDEDAELVEIVKERLGGEVGYSGNAEEAKKI,0.023200717,-5.429686815,191,,,
5195,QTLLSDEDAELVEIVKERLGGKVGFSVEKVTVEEL,0,#NUM!,123,,,
5196,QTLLSDEDAELVEIVKERLSHATIGARDLEGLKEA,0.117522678,-3.088988916,179,,,
5197,QTLLSDEDAELVEIVKERLSTATIGAKGEEALEAV,0,#NUM!,109,,,
5198,QTLLSDEDAELVEIVKERLKFPRRGLRLEGKIIVT,0,#NUM!,50,,,
5199,QTLLSDEDAELVEIVKERLEEYKNNMITLPNAAEES,95.32727828,6.574817201,277,,,
5200,QTLLSDEDAELVEIVKERLSKATIGKRTTVEDY,0,#NUM!,270,,,
5201,QTLLSDEDAELVEIVKERLAEKEHKYIRSSASEFF,1.788388582,0.83866024,238,,,
5202,QTLLSDEDAELVEIVKERLKEEPKYVTLDPEEVE,48.75660251,5.607525693,286,,,
5203,QTLLSDEDAELVEIVKERLSTATIGGTKLEDLEEV,0.014500448,-6.10775872,243,,,
5204,QTLLSDEDAELVEIVKERLGGKIGETNALEALDR,0.024667429,-5.34124885,269,,,
5205,QTLLSDEDAELVEIVKERLGNPKGGVVTGDALAEI,1.021052305,0.030056772,323,,,
5206,QTLLSDEDAELVEIVKERLKKIEKYYKGGEEDA,0,#NUM!,455,,,
5207,QTLLSDEDAELVEIVKERIEKKEKYVGYALEEVL,0.047752784,-4.388271341,477,,,
5208,QTLLSDEDAELVEIVKERLGKPKGGYITLNEVIAA,0.007719663,-7.017246427,152,,,
5209,QTLLSDEDAELVEIVKERLGGKIGESVSAKELL,0.006777051,-7.205126557,453,,,
5210,QTLLSDEDAELVEIVKERLENYKGVIEVKDAFKEL,75.24362353,6.233497422,333,,,
5211,QTLLSDEDAELVEIVKERFEEEPVYVSLGADIFEKI,0.007583273,-7.042963597,303,,,
5212,QTLLSDEDAELVEIVKERLKHATVGARGEEALKAV,0.105792001,-3.240697551,376,,,
5213,QTLLSDEDAELVEIVKERLKGGKKIITTKSFVEG,0.019944854,-5.647839622,309,,,
5214,QTLLSDEDAELVEIVKEREGEFVVYEDGLKALEDY,0,#NUM!,343,,,
5215,QTLLSDEDAELVEIVKERFKEKPEYVTIDLSTLGLE,1.083835496,0.116145802,276,,,
5216,QTLLSDEDAELVEIVKERLGKPEGGVVVGIEYLERH,0.076645225,-3.705660276,99,,,
5217,QTLLSDEDAELVEIVKERLSHATIGLRLPDFKKLV,0,#NUM!,238,,,
5218,QTLLSDEDAELVEIVKERLKHATIGFRGDLPAALEL,0.011005468,-6.505635668,276,,,
5219,QTLLSDEDAELVEIVKERKDKGKYVTIDLSVPILDV,0.003461397,-8.174429759,281,,,
5220,QTLLSDEDAELVEIVKERLSHATVGLRFRPEYLEKE,0.015626696,-5.99984338,212,,,
5221,QTLLSDEDAELVEIVKERLAKPKGGYITNCEEVLRQ,0,#NUM!,178,,,
5222,QTLLSDEDAELVEIVKERLGGKVGVSGSPEEVLELL,5.722843463,2.516732145,245,,,
5223,QTLLSDEDAELVEIVKERLGGKIGGNFDLEELEKG,0.612678233,-0.706798497,274,,,
5224,QTLLSDEDAELVEIVKERLEESKNNRIILDGKELL,0.017032272,-5.875585278,252,,,
5225,QTLLSDEDAELVEIVKERLKNVKGIISTSPELFEKM,0,#NUM!,258,,,
5226,QTLLSDEDAELVEIVKERFKEEPKPKLITGNMLELL,0,#NUM!,368,,,
5227,QTLLSDEDAELVEIVKERLGGEVGASGGLKTLEDY,0,#NUM!,113,,,
5228,QTLLSDEDAELVEIVKERLSKATVGARGVDLETV,0.010977321,-6.509330151,393,,,
5229,QTLLSDEDAELVEIVKERLEGGEWIISDNALEEL,0,#NUM!,153,,,
5230,QTLLSDEDAELVEIVKERSGSFVEGGLELLEEL,0.01247713,-6.324570109,148,,,
5231,QTLLSDEDAELVEIVKERLSKATIGYRSESEIISL,0.058796337,-4.088129913,168,,,
5232,QTLLSDEDAELVEIVKERLKEVELIRIEPPKAAELS,0.002307598,-8.75939226,436,,,
5233,QTLLSDEDAELVEIVKERLGKPEGGVITNCQEILEQ,0,#NUM!,149,,,
5234,QTLLSDEDAELVEIVKERLKEIEKYYRPDIEVS,0.017206071,-5.860938502,664,,,
5235,QTLLSDEDAELVEIVKERKNKGKYVTMEPGVLARF,0,#NUM!,200,,,
5236,QTLLSDEDAELVEIVKERSGSFVTGSPELLEEL,0,#NUM!,288,,,
5237,QTLLSDEDAELVEIVKERLGGEVGLRIEDPSVLLKF,0.013357259,-6.22623219,493,,,
5238,QTLLSDEDAELVEIVKERLKKIKKYYKIEEVEF,0,#NUM!,284,,,
5239,QTLLSDEDAELVEIVKERLGNPKGGYITNCEEILRQ,0.005392126,-7.534929975,184,,,
5240,QTLLSDEDAELVEIVKERLSHATVGVTGPEAIELL,0,#NUM!,161,,,
5241,QTLLSDEDAELVEIVKERLANPKGGYIEGEEVLDR,0.812502467,-0.299555902,247,,,
5242,QTLLSDEDAELVEIVKERLGGKVGATFKAESILEE,0,#NUM!,161,,,
5243,QTLLSDEDAELVEIVKERLAEKEHKYVRYKGLAKRW,2.040055795,1.02860861,179,,,
5244,QTLLSDEDAELVEIVKERLGKPKGGYVTLDSVIAA,0,#NUM!,127,,,
5245,QTLLSDEDAELVEIVKERLSKATIGLLLTAGELLGL,0,#NUM!,133,,,
5246,QTLLSDEDAELVEIVKERLGGKVGYSGDPEEFLKW,0.00422454,-7.886990041,227,,,
5247,QTLLSDEDAELVEIVKERLEGGKWIITEKSFVEG,0,#NUM!,144,,,
5248,QTLLSDEDAELVEIVKERLKEGAENNTVTGNAIELV,28.65057466,4.840492171,367,,,
5249,QTLLSDEDAELVEIVKERSGEYIEGGEELLEKL,0.015060114,-6.053123463,285,,,
5250,QTLLSDEDAELVEIVKERLKEKHHVYVRFEEVLEEE,0.084713143,-3.561270367,110,,,
5251,QTLLSDEDAELVEIVKERLKGGKKIINPEEILEQ,0,#NUM!,210,,,
5252,QTLLSDEDAELVEIVKERLEEEPEYTEVNLELLEEV,0.698438244,-0.517795538,409,,,
5253,QTLLSDEDAELVEIVKERRDKDKYVTYGPDYLLKL,0,#NUM!,107,,,
5254,QTLLSDEDAELVEIVKERIGEYDANTAKKKGKFVVS,0,#NUM!,227,,,
5255,QTLLSDEDAELVEIVKERLKKIEKTYPLGPAEEE,0,#NUM!,70,,,
5256,QTLLSDEDAELVEIVKERKDKGKYVRYPAELAKRI,0.01337113,-6.224734841,348,,,
5257,QTLLSDEDAELVEIVKERLGGEVGYSGNLEDLLEW,0,#NUM!,277,,,
5258,QTLLSDEDAELVEIVKERLAEKEHKYVRLTGEEELM,48.57983891,5.602285801,125,,,
5259,QTLLSDEDAELVEIVKERLSHATIGATVSAKELV,0.042921326,-4.542161544,140,,,
5260,QTLLSDEDAELVEIVKERLKHATVGVRLENKIIVT,0.01308577,-6.255857359,425,,,
5261,QTLLSDEDAELVEIVKERLEGGEWIITSPELLEEH,0.005863569,-7.414005192,294,,,
5262,QTLLSDEDAELVEIVKERLKEITKTYKLGPAEEE,0,#NUM!,69,,,
5263,QTLLSDEDAELVEIVKERLSHATVGATGPQALEEL,0,#NUM!,156,,,
5264,QTLLSDEDAELVEIVKERLKNRTEIEVSLEDVVEET,158.1883568,7.305499606,296,,,
5265,QTLLSDEDAELVEIVKERLSKATIGYSAVDVLKKT,0,#NUM!,127,,,
5266,QTLLSDEDAELVEIVKERLKEYKNNTILTSGAEEI,0.945610463,-0.080682096,197,,,
5267,QTLLSDEDAELVEIVKERLGGKVGFSVTKNFKEY,0.003674771,-8.088129913,260,,,
5268,QTLLSDEDAELVEIVKERKNKGKYVTYTAEGALEL,0,#NUM!,447,,,
5269,QTLLSDEDAELVEIVKERLGGEVGLTGTKEEAEKL,0.088367436,-3.500341368,236,,,
5270,QTLLSDEDAELVEIVKERLKGGKWIITEGAEVI,0.424222408,-1.237107267,375,,,
5271,QTLLSDEDAELVEIVKERLSEATIGSTNFEALA,0.020835595,-5.584805881,282,,,
5272,QTLLSDEDAELVEIVKERLEESKNNMIRTNGFVIT,0,#NUM!,233,,,
5273,QTLLSDEDAELVEIVKERLEKYKNNLIISENFEES,5.487928013,2.456261557,174,,,
5274,QTLLSDEDAELVEIVKERLGGEVGVSGDLEELFKES,0,#NUM!,249,,,
5275,QTLLSDEDAELVEIVKERLGGEVGASGPEVLEEL,0.012193559,-6.357736973,79,,,
5276,QTLLSDEDAELVEIVKERLSKATIGGSKLEDLEKV,0,#NUM!,137,,,
5277,QTLLSDEDAELVEIVKERLKNIKGIITLPLELLEK,143.3203771,7.163099934,285,,,
5278,QTLLSDEDAELVEIVKERRDKGRYVRVGGGELVEV,0,#NUM!,368,,,
5279,QTLLSDEDAELVEIVKERLSKATIGGSSLEDLEEL,0,#NUM!,341,,,
5280,QTLLSDEDAELVEIVKERKNKGKYTTFTAEEAAAE,0.003332401,-8.229222232,371,,,
5281,QTLLSDEDAELVEIVKERIKKKEKYVSPEWFREA,0.007919064,-6.980454395,284,,,
5282,QTLLSDEDAELVEIVKERLGGKTGASVTLEGLEKG,5.835536442,2.544865284,327,,,
5283,QTLLSDEDAELVEIVKERLKEIKKYYEIPEVLF,0.005588714,-7.483267855,201,,,
5284,QTLLSDEDAELVEIVKERLEKYKNNRIDAKLEEVE,0.118583178,-3.076028726,334,,,
5285,QTLLSDEDAELVEIVKERFEEKPAPKLITGNMLELL,0,#NUM!,194,,,
5286,QTLLSDEDAELVEIVKERLKNRTEIEASVEEARER,0,#NUM!,368,,,
5287,QTLLSDEDAELVEIVKERLEGGEKLIGKAFEEV,0.086302934,-3.534446579,337,,,
5288,QTLLSDEDAELVEIVKERLGGKVGYSVKEVTVEEL,0.006644168,-7.233695709,301,,,
5289,QTLLSDEDAELVEIVKERLKEEHHVYIRFENLAKKY,0,#NUM!,206,,,
5290,QTLLSDEDAELVEIVKERYEKRKDEVGVSNSGLEEL,0,#NUM!,65,,,
5291,QTLLSDEDAELVEIVKERLKHATIGWRGDPFEEL,0,#NUM!,71,,,
5292,QTLLSDEDAELVEIVKERLKGGKMIIINGLETL,167.571186,7.388630288,115,,,
5293,QTLLSDEDAELVEIVKERLANIKGIISVNAEGLRRH,0.008795354,-6.829042692,115,,,
5294,QTLLSDEDAELVEIVKERLKELKEYYGADELNT,0.018500572,-5.756286349,137,,,
5295,QTLLSDEDAELVEIVKERLSHATIGANYGKEDL,0.00800771,-6.964394544,151,,,
5296,QTLLSDEDAELVEIVKERLGNPKEGYVTLEEVIAA,0.345236752,-1.534342039,126,,,
5297,QTLLSDEDAELVEIVKERLKEVKYIYVKELKGALEL,0,#NUM!,177,,,
5298,QTLLSDEDAELVEIVKERLSTATVGSTKLEEAF,0.008979357,-6.799172162,253,,,
5299,QTLLSDEDAELVEIVKERLEHATIGGRNVSAAEI,0,#NUM!,99,,,
5300,QTLLSDEDAELVEIVKERLEESKNNTLTVDAETF,0.00710618,-7.136710093,316,,,
5301,QTLLSDEDAELVEIVKERGEKRTEIEVSLGEDLGLE,0.003146725,-8.311933283,342,,,
5302,QTLLSDEDAELVEIVKERLKKPRRGVRLEGKIVVT,0.56883685,-0.813913167,73,,,
5303,QTLLSDEDAELVEIVKERKDKGKYVTVTGEDAAKLM,0,#NUM!,267,,,
5304,QTLLSDEDAELVEIVKERFKEEPKPKFITGDALELA,0,#NUM!,97,,,
5305,QTLLSDEDAELVEIVKERLEGGEWIYDVSLEEL,34.41423097,5.104933366,232,,,
5306,QTLLSDEDAELVEIVKERFKEEPRYVTFPNPFEVD,1.227138974,0.295298644,254,,,
5307,QTLLSDEDAELVEIVKERLGKKEPIIETGADYFEQ,0,#NUM!,172,,,
5308,QTLLSDEDAELVEIVKERKNKGKYVRYPAELAEKI,0,#NUM!,383,,,
5309,QTLLSDEDAELVEIVKERLGGKVGASFSPDALLKE,0.026960632,-5.21300188,192,,,
5310,QTLLSDEDAELVEIVKERLSKATVGERTTVEEY,0.005221573,-7.581299938,432,,,
5311,QTLLSDEDAELVEIVKERLGGEVGFSGDLEEFLKW,0,#NUM!,155,,,
5312,QTLLSDEDAELVEIVKERLSHATIGYSGGEEFFKEM,0,#NUM!,102,,,
5313,QTLLSDEDAELVEIVKERLKEKKHVYVRYKGLAKEW,1.423018872,0.508954795,291,,,
5314,QTLLSDEDAELVEIVKERKGKYIEGSLELLEEA,0,#NUM!,574,,,
5315,QTLLSDEDAELVEIVKERLKEIKKYHSLHANEK,0.181357715,-2.463089973,393,,,
5316,QTLLSDEDAELVEIVKERLKGGKWIENAEEIVKKL,0,#NUM!,308,,,
5317,QTLLSDEDAELVEIVKERKDKGKYKIYEGYEGALQ,0,#NUM!,435,,,
5318,QTLLSDEDAELVEIVKERIEKKEKVVKAEEVIKD,0,#NUM!,63,,,
5319,QTLLSDEDAELVEIVKERLAEEHHVYISLTGEIYEE,0,#NUM!,66,,,
5320,QTLLSDEDAELVEIVKERKNKGRYVEYSMEGVEKA,0,#NUM!,294,,,
5321,QTLLSDEDAELVEIVKERLSKATIGARGEEALKAV,0,#NUM!,119,,,
5322,QTLLSDEDAELVEIVKERFKEEPKYVKDLDLEEV,0.010284663,-6.6033617,374,,,
5323,QTLLSDEDAELVEIVKERLKNLKEMKTISPELFEEM,15.77414409,3.979489821,462,,,
5324,QTLLSDEDAELVEIVKERLGGEVGASGNLEDLFKES,0.00430937,-7.858307286,266,,,
5325,QTLLSDEDAELVEIVKERFEEEPKPKLIIGALEEV,0.002395163,-8.705660276,401,,,
5326,QTLLSDEDAELVEIVKERLSEATIGLRGDARAAFEG,0.005085465,-7.619404543,266,,,
5327,QTLLSDEDAELVEIVKERYKNRTEIEVDEILGVE,0.002433182,-8.6829402,414,,,
5328,QTLLSDEDAELVEIVKERFKEEPKYIENLDLFEV,0.004470971,-7.80519595,540,,,
5329,QTLLSDEDAELVEIVKERLGGKVGAEVDMAALEEG,0.008653493,-6.852501664,160,,,
5330,QTLLSDEDAELVEIVKERLKELKEYIPGINTFE,0.073611773,-3.763919674,323,,,
5331,QTLLSDEDAELVEIVKEREGEYVEGGEELLERL,0,#NUM!,108,,,
5332,QTLLSDEDAELVEIVKERFKEEPAPKTFTGSLEKLF,0.349729323,-1.515689332,120,,,
5333,QTLLSDEDAELVEIVKERLSHATIGLRIPGGEVFF,0.017447693,-5.840819859,107,,,
5334,QTLLSDEDAELVEIVKERLAKPEGGYADVSLDEAE,0.005365166,-7.542161544,214,,,
5335,QTLLSDEDAELVEIVKERLKGVGIPLGGKEEAAKL,0.004258068,-7.875585278,221,,,
5336,QTLLSDEDAELVEIVKERLKGGKWIKTDEVLLV,0,#NUM!,554,,,
5337,QTLLSDEDAELVEIVKEREGEFVEGNVIELV,0.016531323,-5.918653999,637,,,
5338,QTLLSDEDAELVEIVKERLEESKDNTIKGPIFELL,0.019104448,-5.709947634,339,,,
5339,QTLLSDEDAELVEIVKERLSHATIGARIENEPILEV,0,#NUM!,105,,,
5340,QTLLSDEDAELVEIVKERLKEKHHVYVRYTGEEELM,0.020795216,-5.587604515,232,,,
5341,QTLLSDEDAELVEIVKERLEEYKNNMITTPGPVEEA,11.43991793,3.516004797,197,,,
5342,QTLLSDEDAELVEIVKERLAEKEHVYVRATSVDES,0,#NUM!,144,,,
5343,QTLLSDEDAELVEIVKERLKGGKKIIAKGTEYL,0,#NUM!,161,,,
5344,QTLLSDEDAELVEIVKERLEKATVGLKGDARAAFEG,0,#NUM!,206,,,
5345,QTLLSDEDAELVEIVKERFEEEPVYTTVSLEEVKLG,0,#NUM!,405,,,
5346,QTLLSDEDAELVEIVKERIKKKEKLVTPEEFKKA,0,#NUM!,297,,,
5347,QTLLSDEDAELVEIVKERLENLKEMKIISLELFEEM,6.326230219,2.661346058,400,,,
5348,QTLLSDEDAELVEIVKERLKEIEKYYKGGEEALED,60.50331867,5.918942373,80,,,
5349,QTLLSDEDAELVEIVKERLKELKKYYPADSEVYLG,38.41982105,5.263778894,283,,,
5350,QTLLSDEDAELVEIVKERLKGGKWIYGDLLEELEED,0.834581338,-0.260875433,127,,,
5351,QTLLSDEDAELVEIVKERLKHATIGKRTNEVEVT,0.048891199,-4.354281414,405,,,
5352,QTLLSDEDAELVEIVKERFKEEPTYITLEDGLEKL,0,#NUM!,115,,,
5353,QTLLSDEDAELVEIVKERLSEATIGYRSVGPIVLE,0.531502401,-0.911851886,119,,,
5354,QTLLSDEDAELVEIVKERLKEKHHKYISYDAKEYV,0,#NUM!,327,,,
5355,QTLLSDEDAELVEIVKERLSKATIGARLEKGVITL,0,#NUM!,104,,,
5356,QTLLSDEDAELVEIVKERKDKEKYITYDDEELFKKM,0,#NUM!,114,,,
5357,QTLLSDEDAELVEIVKERLSKATIGFRERLEFD,0.134129144,-2.898305354,156,,,
5358,QTLLSDEDAELVEIVKERLAEEHHVYISYDAKEYV,0,#NUM!,306,,,
5359,QTLLSDEDAELVEIVKERLEKGGENNCIIYEGKKLL,0,#NUM!,211,,,
5360,QTLLSDEDAELVEIVKERLKEYKNNMITVPNAKEAA,0,#NUM!,145,,,
5361,QTLLSDEDAELVEIVKERLGGKTGAEFSPDYLLEE,0.015626696,-5.99984338,200,,,
5362,QTLLSDEDAELVEIVKERLKGGKFVDLKPGKEAL,0,#NUM!,288,,,
5363,QTLLSDEDAELVEIVKERLEHATIGARNALDED,0.123253808,-3.020295878,168,,,
5364,QTLLSDEDAELVEIVKERLGGKGIEYGNLETL,0,#NUM!,190,,,
5365,QTLLSDEDAELVEIVKERLGGKVGGSKSLEEALKW,0,#NUM!,203,,,
5366,QTLLSDEDAELVEIVKERLSTATVGARIENKPILEV,8.123228137,3.022053162,366,,,
5367,QTLLSDEDAELVEIVKERLKNIKGIISLKDGFEKS,0.019870984,-5.653192856,428,,,
5368,QTLLSDEDAELVEIVKERYEKEKDKVGVRDSGLDEL,0.058396362,-4.097977699,280,,,
5369,QTLLSDEDAELVEIVKERKGKFITGDLSLLEEL,0.016593296,-5.913255695,179,,,
5370,QTLLSDEDAELVEIVKERLSKATVGVSGSLEALELL,0,#NUM!,149,,,
5371,QTLLSDEDAELVEIVKERLGGEVGYTGDAEEARKL,0,#NUM!,238,,,
5372,QTLLSDEDAELVEIVKERLSTATIGYSERLEFD,,#NUM!,67,,,
5373,QTLLSDEDAELVEIVKERFKEEPKYVVFPDPFEVD,0.006791349,-7.202086102,173,,,
5374,QTLLSDEDAELVEIVKERLARPETGTITNNEVIIV,0,#NUM!,425,,,
5375,QTLLSDEDAELVEIVKERFQEEPVYTELDLEVLERD,0,#NUM!,145,,,
5376,QTLLSDEDAELVEIVKERLSKATIGLENDLEAILGD,0.035938909,-4.798309564,172,,,
5377,QTLLSDEDAELVEIVKERLGGKVGYSVKDPKEYV,0.017799128,-5.812049621,487,,,
5378,QTLLSDEDAELVEIVKERLKHATVGYRGTPEDVPHH,0,#NUM!,207,,,
5379,QTLLSDEDAELVEIVKERLKEKEHKYIRGGLELF,0.015779899,-5.985768195,152,,,
5380,QTLLSDEDAELVEIVKERLKGGKWIDLSPGKEAL,0.175907074,-2.507114597,292,,,
5381,QTLLSDEDAELVEIVKERHAVEGGAGVTGLEVLER,0,#NUM!,242,,,
5382,QTLLSDEDAELVEIVKERLKGGEWILSDLSLLEEA,0,#NUM!,243,,,
5383,QTLLSDEDAELVEIVKERLAEKEHKYISSNSVIEV,0.032814469,-4.929524085,361,,,
5384,QTLLSDEDAELVEIVKERSGSYIENAEKLVEEL,0.2792826,-1.840202399,289,,,
5385,QTLLSDEDAELVEIVKERLSKATIGSTVLEEAF,0.003778286,-8.048052474,304,,,
5386,QTLLSDEDAELVEIVKERFKEEPKYKVINDVEEAN,0,#NUM!,396,,,
5387,QTLLSDEDAELVEIVKERLKEGAENNAIRSEALELA,0.249187793,-2.004694699,222,,,
5388,QTLLSDEDAELVEIVKERLSKATIGARYKPEYLTKE,0.027234344,-5.198429079,198,,,
5389,QTLLSDEDAELVEIVKERLSEATVGLRGDEPALDLE,0,#NUM!,80,,,
5390,QTLLSDEDAELVEIVKERLKHATIGARDALEED,0.217506719,-2.200868124,142,,,
5391,QTLLSDEDAELVEIVKERLSSATIGARDALDED,0.57309725,-0.803148121,206,,,
5392,QTLLSDEDAELVEIVKERLSTATVGYRSNSVVVV,0,#NUM!,849,,,
5393,QTLLSDEDAELVEIVKERKNKGKYIIGDAESI,0.012666496,-6.302838726,526,,,
5394,QTLLSDEDAELVEIVKERKNKGKYVTGDAEEI,0.002373967,-8.718484316,359,,,
5395,QTLLSDEDAELVEIVKERSGSFIIGDLSLF,0.000925029,-10.07821444,977,,,
5396,QTLLSDEDAELVEIVKERLKKPRRGLRLEGSELELE,30.35754414,4.923983179,152,,,
5397,QTLLSDEDAELVEIVKERIEKKERLVKDAFEEF,0,#NUM!,320,,,
5398,QTLLSDEDAELVEIVKERLDPKELVTYEGPEGVERW,0,#NUM!,368,,,
5399,QTLLSDEDAELVEIVKERLKNVKYIEYKEPEGVEEW,0.411422036,-1.281309026,353,,,
5400,QTLLSDEDAELVEIVKERLSKATIGERNALERD,0,#NUM!,216,,,
5401,QTLLSDEDAELVEIVKERLSTATIGARNALEED,0.188914287,-2.404196284,151,,,
5402,QTLLSDEDAELVEIVKERLKEVKYIRYPPGYAEKY,1.119376774,0.162695718,271,,,
5403,QTLLSDEDAELVEIVKERLAEEHHVYIRGGLELF,0.076645225,-3.705660276,230,,,
5404,QTLLSDEDAELVEIVKERKKGGKWIITSGAEEI,0,#NUM!,389,,,
5405,QTLLSDEDAELVEIVKERLSHATIGLRGDLPALDLE,0,#NUM!,219,,,
5406,QTLLSDEDAELVEIVKERLSHATIGARGGIEYF,0,#NUM!,303,,,
5407,QTLLSDEDAELVEIVKERLSHATVGLRIASGEEFF,0.034613973,-4.852501664,522,,,
5408,QTLLSDEDAELVEIVKERLSHATVGLRLEKEVVEY,0.017983796,-5.797158631,363,,,
5409,QTLLSDEDAELVEIVKERLSHATVGLRLPSFKELV,0.083203105,-3.587218819,386,,,
5410,QTLLSDEDAELVEIVKERLSTATVGVRDDLEAAE,0,#NUM!,125,,,
5411,QTLLSDEDAELVEIVKERLGGEVGARYPAGALKRT,0.087002688,-3.522796219,268,,,
5412,QTLLSDEDAELVEIVKERLSHATVGYRSEKPILTL,0,#NUM!,203,,,
5413,QTLLSDEDAELVEIVKERLSTATVGLRLENEIISL,0.071774793,-3.800378933,297,,,
5414,QTLLSDEDAELVEIVKERLKGGKWILTKGAEEI,0.004675526,-7.740655697,438,,,
5415,QTLLSDEDAELVEIVKERLSSATVGLRLEKEVLPY,0.006349309,-7.29918479,315,,,
5416,QTLLSDEDAELVEIVKERLSHATVGVRVDDVEAH,0.080191089,-3.640414251,298,,,
5417,QTLLSDEDAELVEIVKERKNKGKYVTTSPELF,0.003662229,-8.093062208,441,,,
5418,QTLLSDEDAELVEIVKERLSKATIGLRGGKEAA,0,#NUM!,207,,,
5419,QTLLSDEDAELVEIVKERLSHLTRGLSVEGSEIIEE,0,#NUM!,144,,,
5420,QTLLSDEDAELVEIVKERSGEFVIAPAEEGIKLF,0,#NUM!,222,,,
5421,QTLLSDEDAELVEIVKERLSHATVGAEDNLEEAF,0.003332401,-8.229222232,302,,,
5422,QTLLSDEDAELVEIVKERLSEATIGTSDNLEEAF,0.076645225,-3.705660276,146,,,
5423,QTLLSDEDAELVEIVKERLSKATVGLRLENELVEL,0.146115152,-2.774822301,378,,,
5424,QTLLSDEDAELVEIVKERLSKATRGLTGDKKTALEL,0.229579185,-2.122936248,263,,,
5425,QTLLSDEDAELVEIVKERKNKGKYVTIPAGALKKT,0,#NUM!,442,,,
5426,QTLLSDEDAELVEIVKERLSTATIGYRGNEVIAA,0.00710618,-7.136710093,154,,,
5427,QTLLSDEDAELVEIVKERLSTATVGAENDLEEAF,0,#NUM!,203,,,
5428,QTLLSDEDAELVEIVKERLKTATVGLRIESGEAFF,0,#NUM!,408,,,
5429,QTLLSDEDAELVEIVKERLKEVELKRIEKLEGALEL,140.6114096,7.135569853,269,,,
5430,QTLLSDEDAELVEIVKERLSTATVGVRGGKEAA,0.017495106,-5.836904809,239,,,
5431,QTLLSDEDAELVEIVKERLSKATIGWRGDPFKEL,0,#NUM!,67,,,
5432,QTLLSDEDAELVEIVKERLKGGKWIITEGTEHL,0,#NUM!,290,,,
5433,QTLLSDEDAELVEIVKERLGGKIGARTSVEEM,0.140879626,-2.827465113,432,,,
5434,QTLLSDEDAELVEIVKERLEKATVGLRTEPGVIVEA,0.050298429,-4.313342853,244,,,
5435,QTLLSDEDAELVEIVKERKDKGKYTTTEDVEEGL,0.475040717,-1.073876919,190,,,
5436,QTLLSDEDAELVEIVKERSGSFVETTLELFKEV,0.00341187,-8.195221561,545,,,
5437,QTLLSDEDAELVEIVKERLGGKVGYTGDLPAALEL,0,#NUM!,254,,,
5438,QTLLSDEDAELVEIVKERLSKATIGLRIEASLKET,1.226323599,0.294339724,56,,,
5439,QTLLSDEDAELVEIVKERLSHATIGLKGGKKAAEEL,0.012193559,-6.357736973,108,,,
5440,QTLLSDEDAELVEIVKERLEKATVGLRLEGPVVPY,0,#NUM!,195,,,
5441,QTLLSDEDAELVEIVKERLGGKVGARFIGKKGAEEI,0.284247192,-1.814781998,293,,,
5442,QTLLSDEDAELVEIVKERLKGGKWIITDGADAV,0.295136819,-1.760544183,479,,,
5443,QTLLSDEDAELVEIVKERRNKGKYVTLEAKEGALEL,0.263439276,-1.924457642,218,,,
5444,QTLLSDEDAELVEIVKERLSHATRGLRGDLSTALEL,0.010949318,-6.513015198,255,,,
5445,QTLLSDEDAELVEIVKERLSTATIGVRGGVEYF,0.007153554,-7.127124045,277,,,
5446,QTLLSDEDAELVEIVKERIKKKERKVKDGFEEA,0.065695907,-3.928052697,359,,,
5447,QTLLSDEDAELVEIVKERLSHATIGLRVDASLKET,0,#NUM!,138,,,
5448,QTLLSDEDAELVEIVKERSGSFVIAEGGLEVF,0,#NUM!,164,,,
5449,QTLLSDEDAELVEIVKERLKGGKWIIAEGAEYL,0,#NUM!,229,,,
5450,QTLLSDEDAELVEIVKERLSNATIGLRSPEVLVT,0.055887143,-4.16133976,297,,,
5451,QTLLSDEDAELVEIVKERLSKATIGLRIESGEAFF,0,#NUM!,104,,,
5452,QTLLSDEDAELVEIVKERLGGKVGERGVGPKAAEEV,0.00513413,-7.605664486,227,,,
5453,QTLLSDEDAELVEIVKERLSKATVGARGDVPVLDLE,0,#NUM!,297,,,
5454,QTLLSDEDAELVEIVKERKNKGKYLRLEGKEGAELV,0,#NUM!,285,,,
5455,QTLLSDEDAELVEIVKERLSKATIGARGGLEAE,0.130296882,-2.94012553,152,,,
5456,QTLLSDEDAELVEIVKERLKGGKWLITSGAEEI,0.003174654,-8.29918479,306,,,
5457,QTLLSDEDAELVEIVKERSGEFVVADGGLEYF,0,#NUM!,131,,,
5458,QTLLSDEDAELVEIVKERLEGGEWIITDDVEEGL,0.055168799,-4.180003604,425,,,
5459,QTLLSDEDAELVEIVKERLKEVKWIIGKGKEGYEKM,0.003374318,-8.211188309,365,,,
5460,QTLLSDEDAELVEIVKERLSHATVGYRSNTVVVA,0.116413974,-3.102663853,441,,,
5461,QTLLSDEDAELVEIVKERLSKATVGLRLENRLLSL,0,#NUM!,409,,,
5462,QTLLSDEDAELVEIVKERKNKGKYVRYESGVEEH,0,#NUM!,88,,,
5463,QTLLSDEDAELVEIVKERLSHATVGYRSENEIPII,0,#NUM!,291,,,
5464,QTLLSDEDAELVEIVKERLGGEVGARVSVEEM,0.13251313,-2.915792781,273,,,
5465,QTLLSDEDAELVEIVKERLSHATVGLELENKIIVT,0.004720087,-7.726970782,584,,,
5466,QTLLSDEDAELVEIVKERRNKGKYVIFPPEAAKEI,0,#NUM!,236,,,
5467,QTLLSDEDAELVEIVKERFKEEPVYIISDYLPLV,0.012173796,-6.360077111,774,,,
5468,QTLLSDEDAELVEIVKERLSHATVGARLEKGVIVL,0,#NUM!,433,,,
5469,QTLLSDEDAELVEIVKERLAKPEGGYITSSNFEES,0.003909046,-7.998967693,586,,,
5470,QTLLSDEDAELVEIVKERLGGKVGKTYKAGELKLT,0.078427672,-3.672493412,330,,,
5471,QTLLSDEDAELVEIVKERLAEEHHVYITGDLSLF,0,#NUM!,97,,,
5472,QTLLSDEDAELVEIVKERLGGKVGKTTTKEDVPSH,0,#NUM!,91,,,
5473,QTLLSDEDAELVEIVKERLKNATVGYRSESPILTL,0.493539795,-1.018761679,349,,,
5474,QTLLSDEDAELVEIVKERLSTATIGYRSDKVIIV,0,#NUM!,206,,,
5475,QTLLSDEDAELVEIVKERIAKKERMVKPDIPKGED,0.004769036,-7.712086545,225,,,
5476,QTLLSDEDAELVEIVKERLKKIKKFIGEPALEL,0,#NUM!,510,,,
5477,QTLLSDEDAELVEIVKERLSTATIGLRTEPGVVIEA,5.012194316,2.325442347,89,,,
5478,QTLLSDEDAELVEIVKERLGGKVGYRGSGREDALRL,0,#NUM!,79,,,
5479,QTLLSDEDAELVEIVKERLKEMKLIRKPPGYAEKY,8.208703592,3.037154394,367,,,
5480,QTLLSDEDAELVEIVKERLSHATIGLRRPEDGAEED,0,#NUM!,81,,,
5481,QTLLSDEDAELVEIVKERLKNIKGIISTGLKGLEL,1.116652383,0.159180141,125,,,
5482,QTLLSDEDAELVEIVKERKDKGKYVELEEGVVVVV,0.111774286,-3.16133976,134,,,
5483,QTLLSDEDAELVEIVKERLKGAKFIEADPYEYY,0.103011182,-3.279127138,290,,,
5484,QTLLSDEDAELVEIVKERLSTATIGLRTTVEEY,0,#NUM!,128,,,
5485,QTLLSDEDAELVEIVKERLSTATIGYSSRSKILSL,0,#NUM!,123,,,
5486,QTLLSDEDAELVEIVKERLENLEGLVEGDGVEEGL,0.261805339,-1.933433577,288,,,
5487,QTLLSDEDAELVEIVKERLSTATIGYSAYNVLKET,0.119225905,-3.068230355,173,,,
5488,QTLLSDEDAELVEIVKERLKNATIGLRRDGGAEEL,0,#NUM!,102,,,
5489,QTLLSDEDAELVEIVKERLGGKVGSRTTVEEM,0.04646994,-4.427558422,214,,,
5490,QTLLSDEDAELVEIVKERLKNVKLIIGEGKEVALEL,85.7991506,6.42289146,377,,,
5491,QTLLSDEDAELVEIVKERLKHATIGLRVEDVEEH,0,#NUM!,154,,,
5492,QTLLSDEDAELVEIVKERRDKGRYITIKDKIIII,0,#NUM!,310,,,
5493,QTLLSDEDAELVEIVKERLKEVVWIRSESPELLRRN,0.216774374,-2.205733879,195,,,
5494,QTLLSDEDAELVEIVKERKNKGKYITLNGSALEL,0.061699406,-4.018599588,351,,,
5495,QTLLSDEDAELVEIVKERLSKATIGYRSESPILTL,0.003818623,-8.032731674,277,,,
5496,QTLLSDEDAELVEIVKERLGGKVGASGDESVLEKV,0,#NUM!,255,,,
5497,QTLLSDEDAELVEIVKERLSTATIGYRSDRVVVV,0.02534724,-5.30202754,549,,,
5498,QTLLSDEDAELVEIVKERLSKATVGYRSVNKIVSI,0.045467506,-4.459020308,496,,,
5499,QTLLSDEDAELVEIVKERLSHATIGYRSNEVIVV,0.0625936,-3.997841028,280,,,
5500,QTLLSDEDAELVEIVKERLGGKVGASGDSSILEEV,0.007719663,-7.017246427,288,,,
5501,QTLLSDEDAELVEIVKERLEGGEWIITEGADAV,0.047584619,-4.393360882,469,,,
5502,QTLLSDEDAELVEIVKERLSEATVGARGGVEYF,0.385134305,-1.376566463,478,,,
5503,QTLLSDEDAELVEIVKERKNKGKYVTIPNAKEAL,0,#NUM!,245,,,
5504,QTLLSDEDAELVEIVKERLSEATVGARYEKGVLVL,0.03073126,-5.024149287,387,,,
5505,QTLLSDEDAELVEIVKERLSTATIGLRLEGKAKEDR,0,#NUM!,103,,,
5506,QTLLSDEDAELVEIVKERLGGKVGEKGIGPEAAKEV,0,#NUM!,156,,,
5507,QTLLSDEDAELVEIVKERLKHATIGVRSEGDGLELV,0.041613474,-4.586805459,354,,,
5508,QTLLSDEDAELVEIVKERLGGKIGARASLEELLKW,0,#NUM!,95,,,
5509,QTLLSDEDAELVEIVKERLGGEVGYRVEKDFGEY,0,#NUM!,285,,,
5510,QTLLSDEDAELVEIVKERLKTATRGLTGDLSTALEL,2.844589839,1.508220645,347,,,
5511,QTLLSDEDAELVEIVKERLKHATVGVRDGLDEAE,0.027992169,-5.158832904,228,,,
5512,QTLLSDEDAELVEIVKERSGSFVVSDLSTF,0.0148209,-6.076223146,686,,,
5513,QTLLSDEDAELVEIVKERLSHATIGLRTEPGVIVEA,0,#NUM!,148,,,
5514,QTLLSDEDAELVEIVKERLSTATVGARLEDEIIII,0.004605292,-7.762491499,294,,,
5515,QTLLSDEDAELVEIVKERLSKATVGYSSDSVELLEV,0.010451622,-6.580129394,276,,,
5516,QTLLSDEDAELVEIVKERLSKATVGYRSEKVELLEV,0.017086515,-5.870998008,312,,,
5517,QTLLSDEDAELVEIVKERLKNVKGIITDEEVLRI,0.002512958,-8.636397614,404,,,
5518,QTLLSDEDAELVEIVKERLGGEVGEEGVGPEAAEEV,0,#NUM!,374,,,
5519,QTLLSDEDAELVEIVKERLSKATIGYRSPEVVVV,0.010519933,-6.570730696,326,,,
5520,QTLLSDEDAELVEIVKERLKEVKWITISGKGEALKL,0.003649773,-8.097977699,264,,,
5521,QTLLSDEDAELVEIVKEREGEFVEADGGLEVF,0,#NUM!,111,,,
5522,QTLLSDEDAELVEIVKERLSTATIGLRISSGEEFF,0,#NUM!,152,,,
5523,QTLLSDEDAELVEIVKERLSKATVGYRVEGGEVPPY,0,#NUM!,339,,,
5524,QTLLSDEDAELVEIVKERLKHATIGGRGGLEAE,1.024258915,0.03458045,88,,,
5525,QTLLSDEDAELVEIVKERLGGKVGYTGSGREAAEEL,0,#NUM!,144,,,
5526,QTLLSDEDAELVEIVKERLGGEVGFRSDASLKET,0,#NUM!,119,,,
5527,QTLLSDEDAELVEIVKERSGSYIIGTAEFLVKE,0,#NUM!,506,,,
5528,QTLLSDEDAELVEIVKERLEKEKGEIRVEDLFEV,0,#NUM!,440,,,
5529,QTLLSDEDAELVEIVKERLGGEVGLSGDESLLELE,0,#NUM!,182,,,
5530,QTLLSDEDAELVEIVKERLKEVKWIRCENAECVKL,0,#NUM!,204,,,
5531,QTLLSDEDAELVEIVKERLSTATIGYSSENVILEI,0,#NUM!,174,,,
5532,QTLLSDEDAELVEIVKERLGGKVGYTADLSAL,0.0211227,-5.565061946,238,,,
5533,QTLLSDEDAELVEIVKERLSHATVGLTGGKEAA,0,#NUM!,110,,,
5534,QTLLSDEDAELVEIVKERLSHATIGLRTEGVVISA,0,#NUM!,166,,,
5535,QTLLSDEDAELVEIVKERLSTATIGLRVDDVEEH,0,#NUM!,161,,,
5536,QTLLSDEDAELVEIVKERLKEVEWIEGKGKEAAEEL,0.022354857,-5.483267855,179,,,
5537,QTLLSDEDAELVEIVKERLSHATVGLRLENVLVSL,0.00844908,-6.886990041,209,,,
5538,QTLLSDEDAELVEIVKERLGGEIGERVTIVPS,0,#NUM!,174,,,
5539,QTLLSDEDAELVEIVKERLKEKGSYLRIETGEIIEV,2.093038497,1.065598847,365,,,
5540,QTLLSDEDAELVEIVKERKNKGKYVTFPGKKGIEEN,0,#NUM!,158,,,
5541,QTLLSDEDAELVEIVKERLSHATVGYRSKSKIISL,0.006220482,-7.328757906,318,,,
5542,QTLLSDEDAELVEIVKERLGGEVGLRYKNGKEYV,0,#NUM!,239,,,
5543,QTLLSDEDAELVEIVKERLKGGKWIITESVDGA,0,#NUM!,187,,,
5544,QTLLSDEDAELVEIVKERKNKGKYVESELKLLEEL,0,#NUM!,177,,,
5545,QTLLSDEDAELVEIVKERLGGKVGYTGLEILEER,0.004990852,-7.646498204,246,,,
5546,QTLLSDEDAELVEIVKERLGGEVGYTSDKVIVV,0.024158345,-5.371334576,527,,,
5547,QTLLSDEDAELVEIVKERLSKATVGYSSDGVVLRA,0.023225826,-5.428126301,264,,,
5548,QTLLSDEDAELVEIVKERLKEKHHKYISGGVEVI,0,#NUM!,189,,,
5549,QTLLSDEDAELVEIVKERRNKGRYVRYVNGAEEY,0,#NUM!,226,,,
5550,QTLLSDEDAELVEIVKERLSHATVGLRVGDGKLKAT,0,#NUM!,327,,,
5551,QTLLSDEDAELVEIVKERLKNLKEYKTLGEEGFKLM,0.00274433,-8.509330151,361,,,
5552,QTLLSDEDAELVEIVKERLKEIEKTVPAFEEF,0.040188507,-4.637073191,416,,,
5553,QTLLSDEDAELVEIVKERLGGEVGYTGSGREDALSL,0,#NUM!,84,,,
5554,QTLLSDEDAELVEIVKERKDKGKYVTDTTLELFKLG,0,#NUM!,248,,,
5555,QTLLSDEDAELVEIVKERLSHATIGLRLEKGVLVL,0.112746237,-3.148848816,239,,,
5556,QTLLSDEDAELVEIVKERLSHATIGVTGNLDED,0,#NUM!,170,,,
5557,QTLLSDEDAELVEIVKERLGGKVGARFTPQAAKDY,0,#NUM!,161,,,
5558,QTLLSDEDAELVEIVKERRNKGKYVTYPAGEVIVT,0,#NUM!,283,,,
5559,QTLLSDEDAELVEIVKERLSKATIGYRSNTVVTA,0.05605397,-4.157039622,152,,,
5560,QTLLSDEDAELVEIVKERLEKATVGLSVEGSEIEEE,0.694315567,-0.526336577,248,,,
5561,QTLLSDEDAELVEIVKERLSKATIGARLEKEVVPY,0.020374047,-5.617123601,143,,,
5562,QTLLSDEDAELVEIVKERLSKATVGARIEDEPILEV,0.080077101,-3.64246645,401,,,
5563,QTLLSDEDAELVEIVKERLSHATVGLRGKPEEAALQ,0.008222476,-6.926211351,283,,,
5564,QTLLSDEDAELVEIVKERLKNATIGLRTEPGVVVEA,0.037871758,-4.722733789,188,,,
5565,QTLLSDEDAELVEIVKERLSKATVGFRGDARAAEEI,0,#NUM!,238,,,
5566,QTLLSDEDAELVEIVKERLKGAEWIITEGAETI,0.047308075,-4.401769741,487,,,
5567,QTLLSDEDAELVEIVKERLSHATVGLRVGNGALKLT,0,#NUM!,340,,,
5568,QTLLSDEDAELVEIVKERLGGKVGASLENAKEAL,0,#NUM!,21,,,
5569,QTLLSDEDAELVEIVKERLKKATIGFFSEKEVVEV,0,#NUM!,170,,,
5570,QTLLSDEDAELVEIVKERKNKGKYVTTNEVISA,0,#NUM!,285,,,
5571,QTLLSDEDAELVEIVKERLGGEVGASYKDAKKEL,0,#NUM!,231,,,
5572,QTLLSDEDAELVEIVKERLSTATIGARGGVEAI,0.004434021,-7.817168591,286,,,
5573,QTLLSDEDAELVEIVKERLSHATVGGRGLEAAELM,0.025752796,-5.279127138,152,,,
5574,QTLLSDEDAELVEIVKERLKHATIGYRSNELVLM,0.004207973,-7.892658791,302,,,
5575,QTLLSDEDAELVEIVKERLSKATIGLEGDLPTALEL,0,#NUM!,244,,,
5576,QTLLSDEDAELVEIVKERLGGKVGASGDARLFEER,3.276676836,1.712233393,187,,,
5577,QTLLSDEDAELVEIVKERKNKGKYVTSEDVEEGL,0,#NUM!,254,,,
5578,QTLLSDEDAELVEIVKERLGGEVGYTGLEILEQR,0.007400229,-7.078214444,185,,,
5579,QTLLSDEDAELVEIVKERLKHATIGAKGGVEAI,0.004415774,-7.823117858,230,,,
5580,QTLLSDEDAELVEIVKERKNKGKYITLKELTLM,0.016042024,-5.962000029,525,,,
5581,QTLLSDEDAELVEIVKERLEHATIGLSVEGSEIVEE,0,#NUM!,37,,,
5582,QTLLSDEDAELVEIVKERLENLEKQERFRDIDLFEV,0,#NUM!,394,,,
5583,QTLLSDEDAELVEIVKERLSHATIGYRSNSVITA,0.011062197,-6.498218196,150,,,
5584,QTLLSDEDAELVEIVKERLSHATIGVRGGAEAA,0,#NUM!,116,,,
5585,QTLLSDEDAELVEIVKERLSTATIGLRGGKEAAERL,0.325742206,-1.618197435,71,,,
5586,QTLLSDEDAELVEIVKERRDKGKYVTYEGLGLFELM,0,#NUM!,205,,,
5587,QTLLSDEDAELVEIVKERLGGKVGSSYIGKKGAEEI,0.014566061,-6.101245413,218,,,
5588,QTLLSDEDAELVEIVKERIKKKEKLTKGLEEAF,0,#NUM!,243,,,
5589,QTLLSDEDAELVEIVKERLGGEVGLSGDLEALERAE,2.313420092,1.210027268,117,,,
5590,QTLLSDEDAELVEIVKERLSHATLGLTGDLKTALEL,0,#NUM!,119,,,
5591,QTLLSDEDAELVEIVKERLGGKVGATYKNGKEYV,0,#NUM!,169,,,
5592,QTLLSDEDAELVEIVKERLSTATIGYRSNSVVVA,0.167155918,-2.580733664,210,,,
5593,QTLLSDEDAELVEIVKERLGGKVGASVSLEGLEEG,0,#NUM!,107,,,
5594,QTLLSDEDAELVEIVKERLSKATIGYSSDGLVLKA,0,#NUM!,164,,,
5595,QTLLSDEDAELVEIVKERLSHATVGLRGDSSLAEEI,0,#NUM!,209,,,
5596,QTLLSDEDAELVEIVKERKNKGKYVTLEGVVVSA,0.006664802,-7.229222232,135,,,
5597,QTLLSDEDAELVEIVKERLKEVKWVVYEGPEAALEL,0,#NUM!,251,,,
5598,QTLLSDEDAELVEIVKERLKHATVGLRLTGPVVPY,0.058957865,-4.084171899,167,,,
5599,QTLLSDEDAELVEIVKERLGGEVGATEDLVEIV,0.008941943,-6.80519595,362,,,
5600,QTLLSDEDAELVEIVKERLSTATIGERTNEVRVT,0.391634462,-1.352420375,559,,,
5601,QTLLSDEDAELVEIVKERLSHATIGLSVEAELKKT,0.102193633,-3.290622777,38,,,
5602,QTLLSDEDAELVEIVKERLSTATIGLSVPGGEVFF,0.006706457,-7.220233449,145,,,
5603,QTLLSDEDAELVEIVKERLSHATVGLRTEGIVLSA,0,#NUM!,401,,,
5604,QTLLSDEDAELVEIVKERLEEGAENNTITGPFELF,0.010468616,-6.577785454,200,,,
5605,QTLLSDEDAELVEIVKERLGGKVGVRGGLPVLEEH,0.059066045,-4.081527178,71,,,
5606,QTLLSDEDAELVEIVKERLSHATVGARLEKEVIPY,0.407687367,-1.294464843,299,,,
5607,QTLLSDEDAELVEIVKERLGGKVGAAGDEEVLAEL,0,#NUM!,66,,,
5608,QTLLSDEDAELVEIVKERKDKGKYKTYEGKEGALEL,0,#NUM!,328,,,
5609,QTLLSDEDAELVEIVKERLKKPRRGVRLEGTELEEE,39.6641757,5.309764662,101,,,
5610,QTLLSDEDAELVEIVKERSGSFIEGSEELLEEL,0.007225812,-7.112624475,567,,,
5611,QTLLSDEDAELVEIVKERLSTATVGVRVEDVEEH,93.31229355,6.543995258,271,,,
5612,QTLLSDEDAELVEIVKERLGGEVGLTTTKEDVPHH,0.004566099,-7.774822301,202,,,
5613,QTLLSDEDAELVEIVKERLGGKVGERYSSAEEFKLY,0.063719308,-3.972125587,396,,,
5614,QTLLSDEDAELVEIVKERLGGEGIEFGNLESL,0.002787099,-8.48701999,354,,,
5615,QTLLSDEDAELVEIVKERLSKATIGAEGGVEYF,0.014749597,-6.083180697,325,,,
5616,QTLLSDEDAELVEIVKERLGGEVGERGVGPEAAKDV,0.01308577,-6.255857359,195,,,
5617,QTLLSDEDAELVEIVKERLGGEVGLSGSPELLELE,0,#NUM!,184,,,
5618,QTLLSDEDAELVEIVKERLKEVKLIFNESPEVVVM,0.001961669,-8.993702377,527,,,
5619,QTLLSDEDAELVEIVKERLGGKVGLTTSKEDVPLH,0.003311831,-8.238155357,419,,,
5620,QTLLSDEDAELVEIVKERLGGKVGYEGDLEAAKEM,0,#NUM!,215,,,
5621,QTLLSDEDAELVEIVKERIEKKERKVKNGFEEY,0.044299534,-4.496564677,215,,,
5622,QTLLSDEDAELVEIVKERGKNRTEIEVEEELGVE,0,#NUM!,487,,,
5623,QTLLSDEDAELVEIVKERLSHATIGYSSVGPLVLE,0.008584265,-6.864089639,127,,,
5624,QTLLSDEDAELVEIVKERLSKATIGGRGLPELERL,0,#NUM!,98,,,
5625,QTLLSDEDAELVEIVKERKDKGKYVVGDESLFEER,0,#NUM!,99,,,
5626,QTLLSDEDAELVEIVKERLSKATIGVSGNLEED,0,#NUM!,87,,,
5627,QTLLSDEDAELVEIVKERIEKKERLVDDIFEEL,0.328616402,-1.605523605,301,,,
5628,QTLLSDEDAELVEIVKERLGGEVGESGDSRLFEER,0,#NUM!,71,,,
5629,QTLLSDEDAELVEIVKERLGGKVGATVPDLKKT,0.012525679,-6.318967402,456,,,
5630,QTLLSDEDAELVEIVKERGANRTEVRVSFSGDVGLE,0,#NUM!,122,,,
5631,QTLLSDEDAELVEIVKERRNKGKYVTYPAGVGVALA,0,#NUM!,141,,,
5632,QTLLSDEDAELVEIVKERLGGEVGASGDMSLFEER,0,#NUM!,202,,,
5633,QTLLSDEDAELVEIVKERLSEATVGFRTTPEGLGLD,0,#NUM!,229,,,
5634,QTLLSDEDAELVEIVKERLGGEVGAGGDLRLLEEY,0.211957165,-2.238155357,247,,,
5635,QTLLSDEDAELVEIVKERLSKATIGGKNVSAKEVV,0,#NUM!,231,,,
5636,QTLLSDEDAELVEIVKERLGGEVGYRASGPEAAKSL,0,#NUM!,85,,,
5637,QTLLSDEDAELVEIVKERRNKGKYVRVEEGLVEV,0,#NUM!,448,,,
5638,QTLLSDEDAELVEIVKERLGGEVGFSVTENPKEVL,0,#NUM!,210,,,
5639,QTLLSDEDAELVEIVKERLSTATIGYSSDGIVLSA,0.014699084,-6.088129913,159,,,
5640,QTLLSDEDAELVEIVKERRDKGKYVTIEGSENALKL,0,#NUM!,270,,,
5641,QTLLSDEDAELVEIVKERLGGKVGYTGSGKEDALEL,0,#NUM!,228,,,
5642,QTLLSDEDAELVEIVKERLSHATVGLRGVGAAEEY,0.056774241,-4.138619683,215,,,
5643,QTLLSDEDAELVEIVKERLSHATVGYSVTENPKELL,0,#NUM!,250,,,
5644,QTLLSDEDAELVEIVKERRDKGKYVTTTPEDVPLH,0,#NUM!,343,,,
5645,QTLLSDEDAELVEIVKERLSKATVGLRRPEDGAELD,0.081202509,-3.622331892,163,,,
5646,QTLLSDEDAELVEIVKERLSKATIGIKGMEVLEER,0,#NUM!,209,,,
5647,QTLLSDEDAELVEIVKERLGGEVGLSGEGKEAALEL,0,#NUM!,125,,,
5648,QTLLSDEDAELVEIVKERLKEIKKYVTPEEELKD,0,#NUM!,118,,,
5649,QTLLSDEDAELVEIVKERLEGGEWIITKGAEEI,0.012263236,-6.349516466,358,,,
5650,QTLLSDEDAELVEIVKERLKKIEKYYDDAFELL,0,#NUM!,222,,,
5651,QTLLSDEDAELVEIVKERLSKATTGLRLNGPVVPY,0.056475429,-4.146232867,208,,,
5652,QTLLSDEDAELVEIVKERLSHATIGLSIEGSEIIEE,0,#NUM!,3,,,
5653,QTLLSDEDAELVEIVKEREEIYKDNTIRTEGVIEV,0,#NUM!,468,,,
5654,QTLLSDEDAELVEIVKERLGGEVGASGTAELMEQR,0.50516171,-0.985182805,318,,,
5655,QTLLSDEDAELVEIVKERLSHATVGGSSLETLEED,38.96565292,5.284131086,143,,,
5656,QTLLSDEDAELVEIVKERLKNRTEIEVSFSGDVGLE,66.58410922,6.057106004,80,,,
5657,QTLLSDEDAELVEIVKERLGGEVGETDLSWVKEI,0,#NUM!,356,,,
5658,QTLLSDEDAELVEIVKERKNKGKYVVGDVETM,0.011791573,-6.406099994,172,,,
5659,QTLLSDEDAELVEIVKERLEESKDNRIELEEVIAA,0,#NUM!,202,,,
5660,QTLLSDEDAELVEIVKERLGGEGVTLGTVPEDALRL,0,#NUM!,169,,,
5661,QTLLSDEDAELVEIVKERRNKEKYVTLEGVVISA,0.030368863,-5.041263308,103,,,
5662,QTLLSDEDAELVEIVKERLGGKTGLSGKGKEAALEL,0.037258095,-4.746302261,150,,,
5663,QTLLSDEDAELVEIVKERLGGKVGASYENAKKSL,0.044943797,-4.475734182,212,,,
5664,QTLLSDEDAELVEIVKERLGGEVGYTGGKEEAEKL,0,#NUM!,296,,,
5665,QTLLSDEDAELVEIVKERLGGEIGSRGEEGLKA,0.006464055,-7.273344785,385,,,
5666,QTLLSDEDAELVEIVKERLGGKVGKSGKGKEAALKL,0.635485651,-0.654068544,204,,,
5667,QTLLSDEDAELVEIVKERSGSFVEGDISLLEKD,0,#NUM!,157,,,
5668,QTLLSDEDAELVEIVKERLEGGEMIITDLSLFEEV,0,#NUM!,468,,,
5669,QTLLSDEDAELVEIVKERLGGKVGRSGEGKEAALSL,0,#NUM!,39,,,
5670,QTLLSDEDAELVEIVKERLGGEVGFSLPAGALKLT,0.00336374,-8.215717968,349,,,
5671,QTLLSDEDAELVEIVKERLGGKTGYTVKGELKKT,0,#NUM!,263,,,
5672,QTLLSDEDAELVEIVKERLKNFKSVVKVDDGVLEED,187.893752,7.553773283,120,,,
5673,QTLLSDEDAELVEIVKERLGGKVGYSVPGEELKKT,0.01026826,-6.605664486,198,,,
5674,QTLLSDEDAELVEIVKERKNKGKYLTYRGKEGALEL,0.02751367,-5.183707573,254,,,
5675,QTLLSDEDAELVEIVKERLSHATVGGRGLEALERQ,0,#NUM!,95,,,
5676,QTLLSDEDAELVEIVKERKDKGKYVTEKDLKLLKEH,0.017148932,-5.865737492,412,,,
5677,QTLLSDEDAELVEIVKERKNKGKYVTIPEGDILEV,0.011791573,-6.406099994,359,,,
5678,QTLLSDEDAELVEIVKERLGGKVGASGSPELLEEE,30.25953481,4.919317904,97,,,
5679,QTLLSDEDAELVEIVKEREGEYLIGGLGLLEEL,0.004685734,-7.737509142,215,,,
5680,QTLLSDEDAELVEIVKERSGSFEIGDLSLLEEL,0,#NUM!,335,,,
5681,QTLLSDEDAELVEIVKERLGGKVGLAGDEEALERAE,0,#NUM!,95,,,
5682,QTLLSDEDAELVEIVKERLKNIEGIIEAESLEKV,32.3518795,5.015777624,441,,,
5683,QTLLSDEDAELVEIVKERLGGEVGAEGDLPFALEL,0,#NUM!,255,,,
5684,QTLLSDEDAELVEIVKERLGGKVGARVSVEES,0.003693746,-8.080699707,491,,,
5685,QTLLSDEDAELVEIVKERLEHATVGYRGTGPEDALQ,0.156940223,-2.671712944,262,,,
5686,QTLLSDEDAELVEIVKERLSHATIGARLENKIIII,0,#NUM!,324,,,
5687,QTLLSDEDAELVEIVKERLKNIKGIISLGSGEELF,5.379814663,2.427556472,474,,,
5688,QTLLSDEDAELVEIVKERLGGKVGLSGGPETVKIY,0.067064572,-3.898305354,136,,,
5689,QTLLSDEDAELVEIVKERIEKKERKVSDERYLKA,0,#NUM!,306,,,
5690,QTLLSDEDAELVEIVKERLSHATIGYSTTDKVIII,0,#NUM!,235,,,
5691,QTLLSDEDAELVEIVKEREGEFVIAEGGLEYF,0,#NUM!,233,,,
5692,QTLLSDEDAELVEIVKERLSHATVGLRGNPKDAALQ,0.00631196,-7.30769629,358,,,
5693,QTLLSDEDAELVEIVKERLGGKIGYTGLEVLVER,0.00270968,-8.527661974,410,,,
5694,QTLLSDEDAELVEIVKERLSHATIGLRSEPGQIEEH,0.019628655,-5.670894858,117,,,
5695,QTLLSDEDAELVEIVKERLKGGKWINTDIIELY,6.659003551,2.735306309,447,,,
5696,QTLLSDEDAELVEIVKERKNKGKYVTYEDEELFEEM,0,#NUM!,163,,,
5697,QTLLSDEDAELVEIVKERLGGEVGYSGLELISKL,0,#NUM!,111,,,
5698,QTLLSDEDAELVEIVKERLGGEGITLGTKPEDALKL,0,#NUM!,257,,,
5699,QTLLSDEDAELVEIVKERLGGKVGASGEGVMEED,0.102637953,-3.284363786,103,,,
5700,QTLLSDEDAELVEIVKERLKEGAENNAITGKMEDF,0.026825829,-5.220233449,187,,,
5701,QTLLSDEDAELVEIVKERLSHATIGLRVGNNALKLT,0.004769036,-7.712086545,231,,,
5702,QTLLSDEDAELVEIVKERLGGKVGVTGSSPAVLEAE,0.231000192,-2.114034045,125,,,
5703,QTLLSDEDAELVEIVKERKNKGRYVRYEKGGAEKV,0.111442612,-3.165627118,369,,,
5704,QTLLSDEDAELVEIVKERLGGKGVTLGTKPEDALEL,0,#NUM!,276,,,
5705,QTLLSDEDAELVEIVKERLKEGAENNAITGSFEEF,0,#NUM!,351,,,
5706,QTLLSDEDAELVEIVKERRDKEKYVTLKELKLM,0,#NUM!,413,,,
5707,QTLLSDEDAELVEIVKEREGEFVEGSEELLEEL,0,#NUM!,205,,,
5708,QTLLSDEDAELVEIVKERFKEEPEYKELGVEKLEEW,0.003374318,-8.211188309,290,,,
5709,QTLLSDEDAELVEIVKERLGGEVGERYEGLEGAERI,0.005014174,-7.63977234,193,,,
5710,QTLLSDEDAELVEIVKERFKEEPKYINIKLGLEEA,0.004990852,-7.646498204,233,,,
5711,QTLLSDEDAELVEIVKERLKNIKGIIELPSIILM,0.015779899,-5.985768195,113,,,
5712,QTLLSDEDAELVEIVKERLSKATVGLELPDFKKLV,0.222282575,-2.169533237,654,,,
5713,QTLLSDEDAELVEIVKERLAEKEHVYVTYENKVIEV,0,#NUM!,270,,,
5714,QTLLSDEDAELVEIVKERLEESKDNTIRVEGEVRLY,0.636840812,-0.6509953,93,,,
5715,QTLLSDEDAELVEIVKERLGGEVGYSEPIHHI,0.008813414,-6.826083316,399,,,
5716,QTLLSDEDAELVEIVKERLGGEVGLRDEGKAAVDE,0,#NUM!,58,,,
5717,QTLLSDEDAELVEIVKERLEKLEGLVEVPGVISA,0.116307789,-3.10398038,298,,,
5718,QTLLSDEDAELVEIVKERLGGKVGFTSTPEDVPHH,0,#NUM!,249,,,
5719,QTLLSDEDAELVEIVKERLKGKGITLGTKPEDALSL,1.403197195,0.488717769,237,,,
5720,QTLLSDEDAELVEIVKERLSEATIGLTGKEALEKL,0,#NUM!,100,,,
5721,QTLLSDEDAELVEIVKERLSHATIGLRVGNGELKRT,0.010122954,-6.626225809,106,,,
5722,QTLLSDEDAELVEIVKERRDKGKYVTITKEGALEL,0,#NUM!,192,,,
5723,QTLLSDEDAELVEIVKERLEKATIGARSSVEEW,0.007028601,-7.152546641,458,,,
5724,QTLLSDEDAELVEIVKERLSHATIGLRTEPGEISSH,0,#NUM!,70,,,
5725,QTLLSDEDAELVEIVKERLGGKIGYKGGKEEAEKL,0.058122629,-4.104756231,441,,,
5726,QTLLSDEDAELVEIVKERKNKGKYVIKKPEEF,0.020293771,-5.622819207,314,,,
5727,QTLLSDEDAELVEIVKERLKNRTEIRATAETLGVE,129.7309701,7.019379119,326,,,
5728,QTLLSDEDAELVEIVKERLSKATVGARTEGGEAA,0,#NUM!,139,,,
5729,QTLLSDEDAELVEIVKERLGGKVGFTGEGEEAALQ,48.95283592,5.613320535,262,,,
5730,QTLLSDEDAELVEIVKEREGEFITLEGGLELL,0,#NUM!,224,,,
5731,QTLLSDEDAELVEIVKERLSKATIGLRRDGGALEL,0,#NUM!,173,,,
5732,QTLLSDEDAELVEIVKERLGGEVGASYEDAKSSL,0.022354857,-5.483267855,114,,,
5733,QTLLSDEDAELVEIVKERLSHATIGLTIPPGKALEL,0.054193593,-4.205733879,105,,,
5734,QTLLSDEDAELVEIVKERKNKGKYVIYPPEAAEKI,0,#NUM!,321,,,
5735,QTLLSDEDAELVEIVKERLGGEVGYTSGPELKET,0,#NUM!,149,,,
5736,QTLLSDEDAELVEIVKERLSHATVGVEGGVEYF,0,#NUM!,394,,,
5737,QTLLSDEDAELVEIVKERLGGEVGASFIGKEGAEKI,0,#NUM!,179,,,
5738,QTLLSDEDAELVEIVKERLGGEVGASGDESVLKEV,0.085500649,-3.547920813,266,,,
5739,QTLLSDEDAELVEIVKERKGKYVTVSIEER,0.064330525,-3.958352738,382,,,
5740,QTLLSDEDAELVEIVKERLKKIEKTFPSLELA,2.62643579,1.393106314,324,,,
5741,QTLLSDEDAELVEIVKERLGGEVGVEDFLEAI,0.012263236,-6.349516466,336,,,
5742,QTLLSDEDAELVEIVKERLGGKVGLTFGPGGALEY,0.017590707,-5.829042692,223,,,
5743,QTLLSDEDAELVEIVKERLAEEHHVYVTQEEGVVEV,0,#NUM!,412,,,
5744,QTLLSDEDAELVEIVKERLSHATVGLRAPENGAELD,0,#NUM!,153,,,
5745,QTLLSDEDAELVEIVKERLGGKVGRSGRDVFEEL,0,#NUM!,72,,,
5746,QTLLSDEDAELVEIVKERLSTATIGLSLPSFKELV,0,#NUM!,65,,,
5747,QTLLSDEDAELVEIVKERKNKGKYVVLKELKLM,0.017279117,-5.854826717,504,,,
5748,QTLLSDEDAELVEIVKERKDKGKYVTYEDPEIGALQ,0.006114149,-7.353632574,384,,,
5749,QTLLSDEDAELVEIVKERLGGEVGFTVEGKLKET,0.006791349,-7.202086102,166,,,
5750,QTLLSDEDAELVEIVKERLSKATEGLRIEAELKKT,0.035967592,-4.797158631,375,,,
5751,QTLLSDEDAELVEIVKERKNKGKYITLEGEIVII,0,#NUM!,239,,,
5752,QTLLSDEDAELVEIVKERLSTATIGATGPEALEEL,7.350277072,2.877798634,160,,,
5753,QTLLSDEDAELVEIVKERRKNRTEIRATAETAMGQ,0,#NUM!,141,,,
5754,QTLLSDEDAELVEIVKERLSKATIGLTIPPGLALDL,0,#NUM!,82,,,
5755,QTLLSDEDAELVEIVKERFKEEPKYTTVTDAAEKQ,0,#NUM!,184,,,
5756,QTLLSDEDAELVEIVKERLGGEVGATYENGKKYV,0,#NUM!,267,,,
5757,QTLLSDEDAELVEIVKERLEESKNNMIINGPGLVEV,0.003291513,-8.247033508,266,,,
5758,QTLLSDEDAELVEIVKERLSTATIGANNEEGLEL,0.008723847,-6.840819859,145,,,
5759,QTLLSDEDAELVEIVKERLSTATVGVRDGLEEAE,0,#NUM!,126,,,
5760,QTLLSDEDAELVEIVKERLKEVEWKIVPGKKGVEEY,44.59862693,5.478927389,179,,,
5761,QTLLSDEDAELVEIVKEREGEFITGTEELLEEL,0.007556571,-7.048052474,268,,,
5762,QTLLSDEDAELVEIVKERLKEMKGYIEVDLETWEEL,245.3447319,7.938666484,171,,,
5763,QTLLSDEDAELVEIVKERLGGKVGFTGGKEEAERL,0.004944853,-7.659856586,144,,,
5764,QTLLSDEDAELVEIVKERRDKGKYVIDEDLSLLKEV,0,#NUM!,328,,,
5765,QTLLSDEDAELVEIVKERLSKATIGASDLEGLEEA,0,#NUM!,143,,,
5766,QTLLSDEDAELVEIVKERLSTATVGLETPGLEGL,0,#NUM!,126,,,
5767,QTLLSDEDAELVEIVKERLSKATIGLRTEPGVIISA,0,#NUM!,87,,,
5768,QTLLSDEDAELVEIVKERRNKGKYVTGTLQLMEDR,0,#NUM!,308,,,
5769,QTLLSDEDAELVEIVKERKDKGKYVTYEDATLEEF,0.091555729,-3.449206019,290,,,
5770,QTLLSDEDAELVEIVKERLSTATIGYTGTPEDVPSH,0.014307109,-6.127124045,171,,,
5771,QTLLSDEDAELVEIVKERKNKGKYVTYVYGVEVS,0,#NUM!,223,,,
5772,QTLLSDEDAELVEIVKERREKRTEITVGEELLKGN,2.766316674,1.467966318,379,,,
5773,QTLLSDEDAELVEIVKERLENATVGATGPEALEEL,0,#NUM!,98,,,
5774,QTLLSDEDAELVEIVKERLSHATVGYSSNSVIVV,0.002405904,-8.699205254,466,,,
5775,QTLLSDEDAELVEIVKERLGGEVGASGTLQLLEDY,0,#NUM!,113,,,
5776,QTLLSDEDAELVEIVKERLSHATVGLSTPGIEGL,0,#NUM!,194,,,
5777,QTLLSDEDAELVEIVKERLSTATRGYTGVNSLGLD,0,#NUM!,287,,,
5778,QTLLSDEDAELVEIVKERKDKGKYVTDEGLTLLEEV,0.012506214,-6.321211097,371,,,
5779,QTLLSDEDAELVEIVKERLEESKNNVVTNVDLSEV,42.58522246,5.412280981,249,,,
5780,QTLLSDEDAELVEIVKEREGEWVLGDLRLAEEM,0.022448392,-5.477244067,232,,,
5781,QTLLSDEDAELVEIVKERKNKGKYVTYKDEIIEL,0.003261499,-8.260249128,333,,,
5782,QTLLSDEDAELVEIVKERSGEFIEGSLELLEEA,0,#NUM!,141,,,
5783,QTLLSDEDAELVEIVKERKDKGKYVIGGLELLEEL,0.006834606,-7.192926103,157,,,
5784,QTLLSDEDAELVEIVKERIKEKESLVVPEWVLER,0.048459562,-4.367074837,375,,,
5785,QTLLSDEDAELVEIVKERLGGETGLSGDLKALEEAE,0,#NUM!,75,,,
5786,QTLLSDEDAELVEIVKERLGGEVGESEKFIPK,0.006438199,-7.279127138,412,,,
5787,QTLLSDEDAELVEIVKERRKNRTEIEVSFEEVVEKT,0.413605505,-1.273672708,305,,,
5788,QTLLSDEDAELVEIVKERLSKATIGKRTNEVVVT,0.002702854,-8.531300551,411,,,
5789,QTLLSDEDAELVEIVKERLSKATVGYSSEAIVISV,0.043442638,-4.524744491,234,,,
5790,QTLLSDEDAELVEIVKERGKNRTEIEVSFEEVVGLT,0,#NUM!,190,,,
5791,QTLLSDEDAELVEIVKERLGGEVGETYTSPEGLEEL,0,#NUM!,380,,,
5792,QTLLSDEDAELVEIVKERLGGEVGVTLSSEDPILEV,0,#NUM!,246,,,
5793,QTLLSDEDAELVEIVKERLGGEVGYSAPAGAAKEDR,0,#NUM!,128,,,
5794,QTLLSDEDAELVEIVKERLGGKVGFRLDDVEELLRF,0,#NUM!,209,,,
5795,QTLLSDEDAELVEIVKERLGGKVGLRYENGKKYV,0,#NUM!,173,,,
5796,QTLLSDEDAELVEIVKERLGGEVGKRYKPEKGLEES,13.64845823,3.770666084,228,,,
5797,QTLLSDEDAELVEIVKERLSTATIGLRGEPEEAALQ,0,#NUM!,99,,,
5798,QTLLSDEDAELVEIVKERLSTATIGYRGRDSLGLD,1.095272178,0.131289428,256,,,
5799,QTLLSDEDAELVEIVKERLGGKVGLTFSAEAILEE,0,#NUM!,104,,,
5800,QTLLSDEDAELVEIVKERLGGEVGAEGDASLFERR,0.034392088,-4.861779478,146,,,
5801,QTLLSDEDAELVEIVKERLEEGAENNTITTESFEDS,0,#NUM!,128,,,
5802,QTLLSDEDAELVEIVKERLSKATIGAENDIEGD,0,#NUM!,103,,,
5803,QTLLSDEDAELVEIVKERLGGKTGFETENLEELEKW,0.024187223,-5.369611073,433,,,
5804,QTLLSDEDAELVEIVKERLSHATIGYFAEKEVVEV,0,#NUM!,205,,,
5805,QTLLSDEDAELVEIVKERLEGGEWILTDLTLFEEV,0.00274433,-8.509330151,367,,,
5806,QTLLSDEDAELVEIVKERLGGEVGATYADGKTYV,0.017508699,-5.835784269,506,,,
5807,QTLLSDEDAELVEIVKERLGGKVGYRGDASGAASA,16.90342808,4.079243955,164,,,
5808,QTLLSDEDAELVEIVKERLKHATVGVSGSLDEAE,0.872384674,-0.19696367,212,,,
5809,QTLLSDEDAELVEIVKERLENATIGSTVLEVAF,0.014972556,-6.061535703,259,,,
5810,QTLLSDEDAELVEIVKERLSHATVGLRTTVEDY,0.03802086,-4.717065039,303,,,
5811,QTLLSDEDAELVEIVKERKNKGKYITSTPEDIPHH,0.003395675,-8.202086102,323,,,
5812,QTLLSDEDAELVEIVKERLGGKKGYEGDPEELLKW,0,#NUM!,285,,,
5813,QTLLSDEDAELVEIVKERKDKGKYVEYEKLEGLEKA,0,#NUM!,272,,,
5814,QTLLSDEDAELVEIVKERLSHATVGYRSNSIVTA,0.012713663,-6.297476448,446,,,
5815,QTLLSDEDAELVEIVKERKNKGKYVVGDLEVE,0.0211227,-5.565061946,446,,,
5816,QTLLSDEDAELVEIVKERLSHATIGYSSRGPIILE,0,#NUM!,132,,,
5817,QTLLSDEDAELVEIVKERKNKGKYVTYIDGVEES,0,#NUM!,127,,,
5818,QTLLSDEDAELVEIVKERLGGKVGASGDLSLLQDY,0.189358791,-2.400805695,180,,,
5819,QTLLSDEDAELVEIVKERKGEFIEGDISVLEED,0,#NUM!,362,,,
5820,QTLLSDEDAELVEIVKERLKNLKEMKTYENGLELL,0.011295086,-6.468160962,91,,,
5821,QTLLSDEDAELVEIVKERLGGEVGYRVEKFVFTEH,0,#NUM!,232,,,
5822,QTLLSDEDAELVEIVKERLGGKTGLTTTLEDVPHH,0,#NUM!,123,,,
5823,QTLLSDEDAELVEIVKERLKGGKWIVPVPEEVLNV,0.068163991,-3.874846381,470,,,
5824,QTLLSDEDAELVEIVKERLKNIKGIISGGPGLLEED,36.65654657,5.19599897,55,,,
5825,QTLLSDEDAELVEIVKERLGGKVGASVGLEALEEG,0.463355224,-1.109809459,172,,,
5826,QTLLSDEDAELVEIVKERKNKGKYVVGDLRTLEEA,0,#NUM!,274,,,
5827,QTLLSDEDAELVEIVKERLGGEVGYTGTSPEDVLSL,0,#NUM!,183,,,
5828,QTLLSDEDAELVEIVKERLSTATIGFRADMSAL,0.141424871,-2.821892238,494,,,
5829,QTLLSDEDAELVEIVKERLSKATRGLTIGEDKLKLT,0.217087631,-2.203650565,350,,,
5830,QTLLSDEDAELVEIVKERFKEEPEYIESDPAEYY,0.006368149,-7.294910135,342,,,
5831,QTLLSDEDAELVEIVKERLSKATIGLRTEPGEIEEH,0.12440964,-3.006829811,70,,,
5832,QTLLSDEDAELVEIVKERLSKATVGYSSPGKVYIV,0,#NUM!,411,,,
5833,QTLLSDEDAELVEIVKERLKNVKGIITSSFEEH,0,#NUM!,225,,,
5834,QTLLSDEDAELVEIVKERLEGGEWIEDEEALELV,0.002337763,-8.740655697,490,,,
5835,QTLLSDEDAELVEIVKERLKTATIGLRREGGALEL,0.328832739,-1.604574151,134,,,
5836,QTLLSDEDAELVEIVKERKNKGKYITVKGSVIVL,0,#NUM!,129,,,
5837,QTLLSDEDAELVEIVKERKDKGKYVTSDNLEEFERW,0,#NUM!,376,,,
5838,QTLLSDEDAELVEIVKERLSHATIGASGGLAAE,0.15329045,-2.705660276,84,,,
5839,QTLLSDEDAELVEIVKERLSKATVGYSSDGIVISA,0,#NUM!,78,,,
5840,QTLLSDEDAELVEIVKERLEKATVGLSLPSFKELV,0.00788995,-6.985768195,393,,,
5841,QTLLSDEDAELVEIVKERLGGEGITVWKNGELKKT,0.040396542,-4.629624385,362,,,
5842,QTLLSDEDAELVEIVKERLEKFEGAIEAPTALDM,0,#NUM!,235,,,
5843,QTLLSDEDAELVEIVKERLEHATVGVENNAIEEY,0.049448532,-4.337928492,218,,,
5844,QTLLSDEDAELVEIVKERLEKATIGYSGTELVEM,0.01778508,-5.81318874,178,,,
5845,QTLLSDEDAELVEIVKERLSKATVGIENDLEAAE,0,#NUM!,152,,,
5846,QTLLSDEDAELVEIVKERLSTATIGYSSDKVELLEV,4.102773806,2.036599618,135,,,
5847,QTLLSDEDAELVEIVKERKNKGKYVTIEGKEGALEL,0,#NUM!,230,,,
5848,QTLLSDEDAELVEIVKERLGGKVGASSSSWELASQE,0,#NUM!,31,,,
5849,QTLLSDEDAELVEIVKERFKEEPTYIVDDFLPLV,0,#NUM!,863,,,
5850,QTLLSDEDAELVEIVKERLKNRTEIEVDEETLKEN,0.020701604,-5.594113623,283,,,
5851,QTLLSDEDAELVEIVKERIKKKEKMVKPELRLEPS,3.542051172,1.824585055,89,,,
5852,QTLLSDEDAELVEIVKERLGGKVGASGDERLLEEY,0,#NUM!,126,,,
5853,QTLLSDEDAELVEIVKERLSKATIGAENNLEEAF,0,#NUM!,224,,,
5854,QTLLSDEDAELVEIVKERLKGGKLLIGDLKLAEEM,0,#NUM!,168,,,
5855,QTLLSDEDAELVEIVKERLGGKVGLTYGEKGFELS,0.004769036,-7.712086545,216,,,
5856,QTLLSDEDAELVEIVKERLGGEVGLSVPDANEYV,0,#NUM!,341,,,
5857,QTLLSDEDAELVEIVKERLSKATIGLSIPGGEEFF,0.01292811,-6.273344785,68,,,
5858,QTLLSDEDAELVEIVKERLGGEVGASGSLELLKEY,0.129658172,-2.947214954,253,,,
5859,QTLLSDEDAELVEIVKERLKNIKGIIEVGGKEEL,0.003930524,-7.991062495,237,,,
5860,QTLLSDEDAELVEIVKERIEKKESYVEGKFFKEE,0,#NUM!,144,,,
5861,QTLLSDEDAELVEIVKERSGSFKEYPPGEALKEL,0.015920373,-5.97298204,355,,,
5862,QTLLSDEDAELVEIVKERIKQKESLVSLEELWEEI,21.26556605,4.410447352,203,,,
5863,QTLLSDEDAELVEIVKERLGGETGETYSSAEEFKLY,0,#NUM!,267,,,
5864,QTLLSDEDAELVEIVKERLKNLKEKVTYNDGLEVR,16.63936336,4.05652833,169,,,
5865,QTLLSDEDAELVEIVKERLKEVKYVTISGEGEALLL,0.022062364,-5.502268817,456,,,
5866,QTLLSDEDAELVEIVKERLKDVKGVVSGGLELFKLG,0.040113389,-4.63977234,81,,,
5867,QTLLSDEDAELVEIVKERLGGKVGLSGTPELLEKH,0,#NUM!,169,,,
5868,QTLLSDEDAELVEIVKERLKGGKWIISENGVEIAE,0,#NUM!,73,,,
5869,QTLLSDEDAELVEIVKERLGGKGIEFGNAEDIPLH,0,#NUM!,283,,,
5870,QTLLSDEDAELVEIVKERLSHATTGLTIPPGQALDL,0,#NUM!,155,,,
5871,QTLLSDEDAELVEIVKERLEEEKDNLIESENFEES,0.487454587,-1.036660276,269,,,
5872,QTLLSDEDAELVEIVKERLKHATVGYTTVNGAATY,0.006967748,-7.165091895,151,,,
5873,QTLLSDEDAELVEIVKERLENLDEQEVVRGEGVELS,0,#NUM!,280,,,
5874,QTLLSDEDAELVEIVKERLSHATIGLRLEGPVVPY,0,#NUM!,74,,,
5875,QTLLSDEDAELVEIVKERLGGEVGASGEGIAEED,0.017306986,-5.852501664,259,,,
5876,QTLLSDEDAELVEIVKERLGGKGITVATNGELKKT,1.819842653,0.863813717,395,,,
5877,QTLLSDEDAELVEIVKERLKHATIGYRVEGGEVPPY,0.013139181,-6.249980792,271,,,
5878,QTLLSDEDAELVEIVKERLGGKVGFSGQGEKAALQ,0,#NUM!,205,,,
5879,QTLLSDEDAELVEIVKERLGGKVGLSGTAELLAEE,0,#NUM!,79,,,
5880,QTLLSDEDAELVEIVKERLKHATVGLETKGIEGL,0,#NUM!,272,,,
5881,QTLLSDEDAELVEIVKERLGGEVGYSEIIEES,0.026929403,-5.214673924,445,,,
5882,QTLLSDEDAELVEIVKERLSHATVGWSGPTVLTEA,0.008383071,-6.898305354,295,,,
5883,QTLLSDEDAELVEIVKERLGGEVGFSSTEVVTGLP,0,#NUM!,150,,,
5884,QTLLSDEDAELVEIVKERLAEEHHVYIRQEKGVVEV,0.007701195,-7.020701985,377,,,
5885,QTLLSDEDAELVEIVKERLGGKVGYSSKEVVTGLP,0.004489678,-7.799172162,273,,,
5886,QTLLSDEDAELVEIVKERLGGEVGYTGDREGAENA,,#NUM!,195,,,
5887,QTLLSDEDAELVEIVKERLSTATIGLRIGNGKLKLT,0,#NUM!,99,,,
5888,QTLLSDEDAELVEIVKERYEKEKERVGKENCLEELQ,0,#NUM!,211,,,
5889,QTLLSDEDAELVEIVKERFEEEPKPKLIRTTNALEK,0,#NUM!,318,,,
5890,QTLLSDEDAELVEIVKERLKNKEKQKVVKGGLEDE,151.9028148,7.247004794,98,,,
5891,QTLLSDEDAELVEIVKERLKKATIGANFGKEDL,0.097164419,-3.363428085,233,,,
5892,QTLLSDEDAELVEIVKERLSTATIGADFGKEDL,0,#NUM!,210,,,
5893,QTLLSDEDAELVEIVKERLKNIEGIVSVGAEYVLSG,0.155630762,-2.683800842,271,,,
5894,QTLLSDEDAELVEIVKERLGGEVGYSSSSVVTGLP,0,#NUM!,109,,,
5895,QTLLSDEDAELVEIVKERKNKGKYVTDPDASLLREH,0,#NUM!,87,,,
5896,QTLLSDEDAELVEIVKERLGGEVGASGPEVLEEG,0,#NUM!,233,,,
5897,QTLLSDEDAELVEIVKERKDKGEYVTTTSVEEAN,0.002150367,-8.861201359,502,,,
5898,QTLLSDEDAELVEIVKERLKKATVGASYPDPKEYV,0,#NUM!,283,,,
5899,QTLLSDEDAELVEIVKERLKNVKGIVTVPGLELV,0.495246069,-1.013782571,312,,,
5900,QTLLSDEDAELVEIVKERLGGEIGRSGLDVFEEL,0.027165396,-5.202086102,164,,,
5901,QTLLSDEDAELVEIVKERLNIEKLITFTSESEAILG,0.105199328,-3.248802601,482,,,
5902,QTLLSDEDAELVEIVKERKNKGKYITNEGEVKIT,0.004556404,-7.777888604,520,,,
5903,QTLLSDEDAELVEIVKERLSEATIGGRGLEALEEQ,2.123711441,1.086587754,43,,,
5904,QTLLSDEDAELVEIVKERLKELEKYIGSVEKAE,0.164673404,-2.602320526,341,,,
5905,QTLLSDEDAELVEIVKERLGGEVGETVTIIPS,0.00798784,-6.967978882,358,,,
5906,QTLLSDEDAELVEIVKERLKGGKMILTDATALDRD,0.015857633,-5.97867877,213,,,
5907,QTLLSDEDAELVEIVKERLGGKTGVGGEAGLLKELA,0,#NUM!,167,,,
5908,QTLLSDEDAELVEIVKERLENRTEIEVGEGLLEGN,0.954538691,-0.067124418,166,,,
5909,QTLLSDEDAELVEIVKERLSKATIGYLSDEVIIV,0,#NUM!,143,,,
5910,QTLLSDEDAELVEIVKERLEKATIGVTGDERYLKLE,0,#NUM!,171,,,
5911,QTLLSDEDAELVEIVKERLGGEIGLENNLEEAE,0,#NUM!,193,,,
5912,QTLLSDEDAELVEIVKERKDKEKYVTDDLTLLEEV,0.017077451,-5.871763567,374,,,
5913,QTLLSDEDAELVEIVKERLGGEVGYSKPIKFI,0.149339665,-2.743330694,449,,,
5914,QTLLSDEDAELVEIVKERLSHATVGYSSDGLVLSA,0.010624091,-6.556516837,104,,,
5915,QTLLSDEDAELVEIVKERFKEKPEYIELNEVIIT,0.005983456,-7.384805216,477,,,
5916,QTLLSDEDAELVEIVKERLSTATIGARDLEGLERA,5.763537335,2.526954528,208,,,
5917,QTLLSDEDAELVEIVKERLGGKVGYRATGPEGALQ,0.079483937,-3.653192856,419,,,
5918,QTLLSDEDAELVEIVKERFKEEPVYIDVNDRLDEA,0.017032272,-5.875585278,412,,,
5919,QTLLSDEDAELVEIVKERLSKATVGFRSENTVPSEG,1.035514508,0.050347766,155,,,
5920,QTLLSDEDAELVEIVKERLKHATIGGDFGKEDL,0.008868043,-6.817168591,233,,,
5921,QTLLSDEDAELVEIVKERLGGEVGVEASLEEVLKW,0,#NUM!,160,,,
5922,QTLLSDEDAELVEIVKERLGGEVGGSGLPMLEEL,0,#NUM!,232,,,
5923,QTLLSDEDAELVEIVKERLKKATIGGDSLETLEKD,28.91824337,4.853908014,98,,,
5924,QTLLSDEDAELVEIVKERLGGEVGYRGDKSGAESA,0,#NUM!,329,,,
5925,QTLLSDEDAELVEIVKERLKGGKWIISDNAIEVL,0,#NUM!,260,,,
5926,QTLLSDEDAELVEIVKERLEHATVGYSVTKNFKEY,0.002689306,-8.53855029,376,,,
5927,QTLLSDEDAELVEIVKERLGGKVGYSGSSPEDVLSL,0,#NUM!,138,,,
5928,QTLLSDEDAELVEIVKERLGGKVGARYAPGEGYKLA,0.125500953,-2.994229774,162,,,
5929,QTLLSDEDAELVEIVKERLGGKVGFSVEEDPKEVL,6.039250673,2.594369557,285,,,
5930,QTLLSDEDAELVEIVKERLAEKEHKYVTGGLELF,0,#NUM!,92,,,
5931,QTLLSDEDAELVEIVKERLGGKVGASYNGKEYV,0.063654509,-3.973593481,260,,,
5932,QTLLSDEDAELVEIVKERLSTATIGGSSLETLEKD,0,#NUM!,61,,,
5933,QTLLSDEDAELVEIVKERLGGEVGYSLSAEEM,0,#NUM!,141,,,
5934,QTLLSDEDAELVEIVKERLKNRTEVLVDFDGKGED,7.688038643,2.942615588,294,,,
5935,QTLLSDEDAELVEIVKERLKEEPKYITLPDISEN,0.206352529,-2.276816977,59,,,
5936,QTLLSDEDAELVEIVKERLGGKVGVEGTMELVEEY,0.003930524,-7.991062495,211,,,
5937,QTLLSDEDAELVEIVKERRDKGKYVTLVGPEEALEL,0,#NUM!,74,,,
5938,QTLLSDEDAELVEIVKERLKHATIGVTGDERYLEEE,1.932929577,0.950789076,186,,,
5939,QTLLSDEDAELVEIVKERGAKRTEIRATAETAMGQ,0.004899695,-7.673092414,246,,,
5940,QTLLSDEDAELVEIVKERLGGKVGYKSENAEEGALQ,0.019580897,-5.674409342,288,,,
5941,QTLLSDEDAELVEIVKERLKEVKLIYVEKLEGALDL,193.5348514,7.596449577,284,,,
5942,QTLLSDEDAELVEIVKERLKGGEWILTKGAEEI,0.025322316,-5.303446817,292,,,
5943,QTLLSDEDAELVEIVKERKNKGKYVTIVGNKDILEV,0.00304839,-8.357736973,327,,,
5944,QTLLSDEDAELVEIVKERIKEKESLVKFEGEFGKY,0.011878596,-6.395491895,252,,,
5945,QTLLSDEDAELVEIVKERRDKGRYVTYPAGVGVELA,0.015955883,-5.969767717,251,,,
5946,QTLLSDEDAELVEIVKERIEKKERLVDGSEVLNE,148.5051053,7.214368718,257,,,
5947,QTLLSDEDAELVEIVKERLGGKVGVSGTMELAESY,0,#NUM!,71,,,
5948,QTLLSDEDAELVEIVKERFKEEPKYTTLTGLEEW,0,#NUM!,497,,,
5949,QTLLSDEDAELVEIVKERLKNLKELKVVNKVVSG,18.33155987,4.196257648,279,,,
5950,QTLLSDEDAELVEIVKERLSHATVGLRVGDNKLKLT,0.017883886,-5.80519595,402,,,
5951,QTLLSDEDAELVEIVKERLSHATVGYSSKAIVIEV,0,#NUM!,146,,,
5952,QTLLSDEDAELVEIVKERLSKATVGGSGGVEEI,1.018162136,0.02596732,187,,,
5953,QTLLSDEDAELVEIVKERLGGEVGFRLDDVELLLKF,0,#NUM!,279,,,
5954,QTLLSDEDAELVEIVKERLGGKVGLRIEDAESAKKW,0,#NUM!,383,,,
5955,QTLLSDEDAELVEIVKERLGGKVGVSGNEEALEEL,0,#NUM!,177,,,
5956,QTLLSDEDAELVEIVKERLEKFEKVIKVDDGLFEEM,1.843600579,0.882526126,175,,,
5957,QTLLSDEDAELVEIVKERLSTATIGASYPDPKEYV,0.008868043,-6.817168591,119,,,
5958,QTLLSDEDAELVEIVKERLAEKEHKYIRASSVEES,5.246598547,2.391382404,167,,,
5959,QTLLSDEDAELVEIVKERLEESKNNMIEGVLPEIQ,0.33450831,-1.579886045,213,,,
5960,QTLLSDEDAELVEIVKERLANVEGIIQVGEPGSN,0,#NUM!,402,,,
5961,QTLLSDEDAELVEIVKERLKEGGEDNCVTVSAELF,0.4038945,-1.307949595,347,,,
5962,QTLLSDEDAELVEIVKERKNKGKYLTVEEGEDILEV,0.002629983,-8.570730696,361,,,
5963,QTLLSDEDAELVEIVKERLGGEVGASERYIPK,0.014231209,-6.134797972,286,,,
5964,QTLLSDEDAELVEIVKERLSKATVGVTGGAEAA,0.152203284,-2.715928612,187,,,
5965,QTLLSDEDAELVEIVKERKNKGKYKTYEGKEGAELL,3.203986305,1.679867981,164,,,
5966,QTLLSDEDAELVEIVKERLEIYKNNMITISGIIEA,0.148375325,-2.752676903,434,,,
5967,QTLLSDEDAELVEIVKERLGGEVGLRIEDAKSAKEW,1.666314276,0.736660527,276,,,
5968,QTLLSDEDAELVEIVKERLKNRTEIYADFKDAGEM,0.123494864,-3.017477055,363,,,
5969,QTLLSDEDAELVEIVKERLKEVKYVTATGEGAAELS,0.002794357,-8.483267855,398,,,
5970,QTLLSDEDAELVEIVKERLKEKHHVYITGGLELF,0.004159043,-7.909532609,237,,,
5971,QTLLSDEDAELVEIVKERLSKATVGVSGPGKKAK,0.002765549,-8.498218196,375,,,
5972,QTLLSDEDAELVEIVKERLGGKVGGFVPNPKEYV,0.753604206,-0.408121078,420,,,
5973,QTLLSDEDAELVEIVKERLENYEKVVEVPDKLLED,14.20171146,3.827992896,198,,,
5974,QTLLSDEDAELVEIVKERFKEEPVYVDLGDAAGV,0.007137693,-7.130326477,515,,,
5975,QTLLSDEDAELVEIVKERLGGEVGYRGDRKGAEEA,0.049524607,-4.335710666,421,,,
5976,QTLLSDEDAELVEIVKERLGGKVGKEYRAGELKRT,0.007919064,-6.980454395,269,,,
5977,QTLLSDEDAELVEIVKERLEREEEQERFRDVDLFEV,0.038748419,-4.689718732,340,,,
5978,QTLLSDEDAELVEIVKERKNKGKYVTFNDAKKER,0.067298246,-3.893287279,333,,,
5979,QTLLSDEDAELVEIVKERLSKATVGASASVEEW,0.36789708,-1.44262587,447,,,
5980,QTLLSDEDAELVEIVKERLAEGAENNTITTETFEES,1.444467701,0.530537945,214,,,
5981,QTLLSDEDAELVEIVKERLEKGGKNNLIGDDRLLEL,0.003916179,-7.996337437,274,,,
5982,QTLLSDEDAELVEIVKERLSKATIGFRTEGIIIIGR,0.100596858,-3.313342853,35,,,
5983,QTLLSDEDAELVEIVKEREGEFVVGSLELLDED,0,#NUM!,456,,,
5984,QTLLSDEDAELVEIVKERLGGKGVQAYSSAEEFKLY,0,#NUM!,213,,,
5985,QTLLSDEDAELVEIVKERLSKATIGLRSEPGKISEH,0,#NUM!,178,,,
5986,QTLLSDEDAELVEIVKERLGGEVGFKSEDAEEGALQ,3.618711793,1.855476211,434,,,
5987,QTLLSDEDAELVEIVKERKNKGKYTIIKEGIEDH,0.007059429,-7.146232867,127,,,
5988,QTLLSDEDAELVEIVKERLEKATIGYSTNSKEIEIR,0,#NUM!,154,,,
5989,QTLLSDEDAELVEIVKERKNKEKYVTIEGIIVA,0.016955377,-5.882113321,468,,,
5990,QTLLSDEDAELVEIVKERLKEGGKNNTITTDSVVEV,0.031911767,-4.969767717,265,,,
5991,QTLLSDEDAELVEIVKERLGGEVGYSGDGRSAVESG,0,#NUM!,123,,,
5992,QTLLSDEDAELVEIVKERLGGKVGYSAVDELVEV,0,#NUM!,365,,,
5993,QTLLSDEDAELVEIVKERLGGKVGAGSESWELAAEE,0.144031295,-2.79554578,144,,,
5994,QTLLSDEDAELVEIVKERLSTATVGYSSVGPIVLE,0.967488905,-0.047682978,74,,,
5995,QTLLSDEDAELVEIVKERIEKKERKVKGDEEILNV,1.611425656,0.68833763,535,,,
5996,QTLLSDEDAELVEIVKERLKNRTEIRAGEEALKM,0.111003429,-3.171323848,339,,,
5997,QTLLSDEDAELVEIVKERSGSFVTLVGGLEVL,0.002501243,-8.643139192,340,,,
5998,QTLLSDEDAELVEIVKERLEEVEYIRYEPGKGVEEA,0.01137491,-6.458001096,275,,,
5999,GSGSGSGSAVISINGERPEPTIDEGSGSGS,0,#NUM!,424,,,